{"type":"Topology","objects":{"airports":{"type":"GeometryCollection","geometries":[
{"type":"Point","id":"ATL","coordinates":[2564,6970]},
{"type":"Point","id":"PEK","coordinates":[8247,7488]},
{"type":"Point","id":"LHR","coordinates":[4938,8405]},
{"type":"Point","id":"NRT","coordinates":[8920,7141]},
{"type":"Point","id":"ORD","coordinates":[2466,7641]},
{"type":"Point","id":"LAX","coordinates":[1604,6995]},
{"type":"Point","id":"CDG","coordinates":[5023,8207]},
{"type":"Point","id":"DFW","coordinates":[2208,6911]},
{"type":"Point","id":"CGK","coordinates":[7966,3771]},
{"type":"Point","id":"DXB","coordinates":[6516,6296]},
{"type":"Point","id":"FRA","coordinates":[5193,8290]},
{"type":"Point","id":"HKG","coordinates":[8172,6059]},
{"type":"Point","id":"DEN","coordinates":[1992,7470]},
{"type":"Point","id":"SIN","coordinates":[7891,4373]},
{"type":"Point","id":"AMS","coordinates":[5086,8472]},
{"type":"Point","id":"JFK","coordinates":[2865,7534]},
{"type":"Point","id":"MAD","coordinates":[4850,7520]},
{"type":"Point","id":"IST","coordinates":[5766,7561]},
{"type":"Point","id":"PVG","coordinates":[8394,6770]},
{"type":"Point","id":"SFO","coordinates":[1491,7290]},
{"type":"Point","id":"LAS","coordinates":[1696,7167]},
{"type":"Point","id":"MIA","coordinates":[2682,6339]},
{"type":"Point","id":"FCO","coordinates":[5297,7626]},
{"type":"Point","id":"MCO","coordinates":[2653,6551]},
{"type":"Point","id":"SYD","coordinates":[9225,1534]},
{"type":"Point","id":"YYZ","coordinates":[2700,7778]},
{"type":"Point","id":"SEA","coordinates":[1494,8081]},
{"type":"Point","id":"BOM","coordinates":[7011,5800]},
{"type":"Point","id":"SVO","coordinates":[6009,8766]},
{"type":"Point","id":"MEX","coordinates":[2150,5828]},
{"type":"Point","id":"CUN","coordinates":[2495,5957]},
{"type":"Point","id":"YYC","coordinates":[1728,8377]},
{"type":"Point","id":"EZE","coordinates":[3296,1463]},
{"type":"Point","id":"ARN","coordinates":[5458,9063]},
{"type":"Point","id":"CPT","coordinates":[5477,1531]},
{"type":"Point","id":"CAI","coordinates":[5839,6686]},
{"type":"Point","id":"DEL","coordinates":[7130,6562]},
{"type":"Point","id":"HNL","coordinates":[487,5980]},
{"type":"Point","id":"GRU","coordinates":[3637,2380]}
]}},"arcs":[],"transform":{"scale":[0.03537310564756069,0.012430679950546822],"translate":[-175.135635,-53.005069825517666]}}