[  {
	"start": "30",
	"end": "100",
	"label": "Musonius Rufus",
        "group":"group1",
        "description":"Some description"
}, {
	"start": "45",
	"end": "120",
	"label": "Plutarch",
        "group":"group4",
        "description":"Some description"
}, {
	"start": "55",
	"end": "135",
	"label": "Epictetus",
        "group":"group3",
        "description":"Some description"
}, {
	"start": "70",
	"end": "156",
	"label": "Polycarp",
        "group":"group2",
        "description":"Some description"
}, {
	"start": "121",
	"end": "180",
	"label": "Marcus Aurelius",
        "group":"group1",
        "description":"Some description"
}, {
	"start": "150",
	"end": "215",
	"label": "Clement of Alexandria",
        "group":"group3",
        "description":"Some description"
}, {
	"start": "160",
	"end": "310",
	"label": "Sextus Empiricus",
        "group":"group2",
        "description":"Some description"
}, {
	"start": "205",
	"end": "270",
	"label": "Plotinus",
        "group":"group4",
        "description":"Some description"
}, {
	"start": "232",
	"end": "304",
	"label": "Porphyry",
        "group":"group1",
        "description":"Some description"
},  {
	"start": "330",
	"end": "379",
	"label": "Basilius",
        "group":"group4",
        "description":"Some description"
},  {
	"start": "339",
	"end": "397",
	"label": "Ambrosius",
        "group":"group3",
        "description":"Some description"
}, {
	"start": "340",
	"end": "420",
	"label": "Hieronymus",
        "group":"group2",
        "description":"Some description"
}, {
	"start": "354",
	"end": "407",
	"label": "Chrisostomos",
        "group":"group1",
        "description":"Some description"
}, {
	"start": "381",
	"end": "444",
	"label": "Cyrill",
        "group":"group4",
        "description":"Some description"
}, {
	"start": "411",
	"end": "485",
	"label": "Proclus",
        "group":"group4",
        "description":"Some description"
}, {
	"start": "462",
	"end": "540",
	"label": "Damascius",
        "group":"group2",
        "description":"Some description"
}, {
	"start": "472",
	"end": "524",
	"label": "Boethius",
        "group":"group2",
        "description":"Some description"
}, {
	"start": "454",
	"end": "507",
	"label": "Chrisostomos",
        "group":"group3",
        "description":"Some description"
}, {
	"start": "581",
	"end": "644",
	"label": "Cyrill",
        "group":"group1",
        "description":"Some description"
}, {
	"start": "611",
	"end": "785",
	"label": "Proclus",
        "group":"group4",
        "description":"Some description"
}, {
	"start": "662",
	"end": "740",
	"label": "Damascius",
        "group":"group3",
        "description":"Some description"
}, {
	"start": "872",
	"end": "954",
	"label": "Boethius",
        "group":"group2",
        "description":"Some description"
},{
	"start": "1033",
	"end": "1109",
	"label": "Anselm of Canterbury",
        "group":"group1",
        "description":"Some description"
}, {
	"start": "1091",
	"end": "1153",
	"label": "Bernhard of Clairvaux",
        "group":"group2",
        "description":"Some description"
}, {
	"start": "1135",
	"end": "1204",
	"label": "Maimonides",
        "group":"group1",
        "description":"Some description"
}, {
	"start": "1221",
	"end": "1274",
	"label": "Bonaventura",
        "group":"group2",
        "description":"Some description"
}, {
	"start": "1225",
	"end": "1274",
	"label": "Thomas of Aquin",
        "group":"group3",
        "description":"Some description"
}, {
	"start": "1235",
	"end": "1315",
	"label": "Rymundus Lullus",
        "group":"group1",
        "description":"Some description"
}, {
	"start": "1265",
	"end": "1321",
	"label": "Dante",
        "group":"group4",
        "description":"Some description"
}, {
	"start": "1266",
	"end": "1308",
	"label": "Duns Scotus",
        "group":"group2",
        "description":"Some description"
}, {
	"start": "1287",
	"end": "1347",
	"label": "Occam",
        "group":"group1",
        "description":"Some description"
}, {
	"start": "1396",
	"end": "1484",
	"label": "Trapezuntius",
        "group":"group1",
        "description":"Some description"
}, {
	"start": "1401",
	"end": "1464",
	"label": "Cusanus",
        "group":"group4",
        "description":"Some description"
}, {
	"start": "1443",
	"end": "1485",
	"label": "Agricola",
        "group":"group3",
        "description":"Some description"
}, {
	"start": "1484",
	"end": "1531",
	"label": "Zwingli",
        "group":"group2",
        "description":"Some description"
}, {
	"start": "1486",
	"end": "1535",
	"label": "Agrippa",
        "group":"group1",
        "description":"Some description"
},  {
	"start": "1497",
	"end": "1560",
	"label": "Melanchton",
        "group":"group4",
        "description":"Some description"
}, {
	"start": "1509",
	"end": "1564",
	"label": "Calvin",
        "group":"group3",
        "description":"Some description"
},  {
	"start": "1546",
	"end": "1601",
	"label": "Brahe",
        "group":"group2",
        "description":"Some description"
}, {
	"start": "1560",
	"end": "1626",
	"label": "Bacon",
        "group":"group1",
        "description":"Some description"
}, {
	"start": "1564",
	"end": "1642",
	"label": "Galilei",
        "group":"group4",
        "description":"Some description"
}, {
	"start": "1588",
	"end": "1679",
	"label": "Hobbes",
        "group":"group3",
        "description":"Some description"
}, {
	"start": "1596",
	"end": "1659",
	"label": "Descartes",
        "group":"group2",
        "description":"Some description"
}, {
	"start": "1623",
	"end": "1662",
	"label": "Pascal",
        "group":"group1",
        "description":"Some description"
}, {
	"start": "1632",
	"end": "1677",
	"label": "Spinoza",
        "group":"group4",
        "description":"Some description"
}, {
	"start": "1646",
	"end": "1716",
	"label": "Leibniz",
        "group":"group3",
        "description":"Some description"
}, {
	"start": "1685",
	"end": "1735",
	"label": "Berkeley",
        "group":"group2",
        "description":"Some description"
}, {
	"start": "1711",
	"end": "1776",
	"label": "Hume",
        "group":"group1",
        "description":"Some description"
}, {
	"start": "1724",
	"end": "1804",
	"label": "Kant",
        "group":"group4",
        "description":"Some description"
},  {
	"start": "1770",
	"end": "1831",
	"label": "Hegel",
        "group":"group3",
        "description":"Some description"
}, {
	"start": "1775",
	"end": "1854",
	"label": "Schelling",
        "group":"group2",
        "description":"Some description"
}, {
	"start": "1762",
	"end": "1814",
	"label": "Fichte",
        "group":"group1",
        "description":"Some description"
},  {
	"start": "1818",
	"end": "1883",
	"label": "Marx",
        "group":"group4",
        "description":"Some description"
},  {
	"start": "1844",
	"end": "1900",
	"label": "Nietzsche",
        "group":"group3",
        "description":"Some description"
}, {
	"start": "1848",
	"end": "1925",
	"label": "Frege",
        "group":"group2",
        "description":"Some description"
}, {
	"start": "1885",
	"end": "1977",
	"label": "Bloch",
        "group":"group1",
        "description":"Some description"
},  {
	"start": "1902",
	"end": "1995",
	"label": "Bochenski",
        "group":"group4",
        "description":"Some description"
},  {
	"start": "1903",
	"end": "1993",
	"label": "Jonas",
        "group":"group3",
        "description":"Some description"
}, {
	"start": "1911",
	"end": "1960",
	"label": "Austin",
        "group":"group2",
        "description":"Some description"
}, {
	"start": "1931-10-04",
	"end": "2007-06-08",
	"label": "Rorty",
        "group":"group1",
        "description":"Some description"
}]