<?xml version="1.0" encoding="UTF-8"?>
<project-private xmlns="http://www.netbeans.org/ns/project-private/1">
    <editor-bookmarks xmlns="http://www.netbeans.org/ns/editor-bookmarks/2" lastBookmarkId="0"/>
    <open-files xmlns="http://www.netbeans.org/ns/projectui-open-files/2">
        <group>
            <file>file:/C:/xampp/htdocs/d3_threatMap/public_html/script/d3_threatMapJs.js</file>
            <file>file:/C:/xampp/htdocs/d3_threatMap/public_html/css/css1.css</file>
            <file>file:/C:/xampp/htdocs/d3_threatMap/public_html/index.html</file>
        </group>
    </open-files>
</project-private>
