{
    "arcData": [
        {
            "id": "Board Of Supervisors",
            "name": "Board Of Supervisors",
            "group": 2,
            "value": 6
        },
        {
            "id": "Mayor Office Of The",
            "name": "Mayor Office Of The",
            "group": 1,
            "value": 6
        },
        {
            "id": "Municipal Transportation Agency",
            "name": "Municipal Transportation Agency",
            "group": 1,
            "value": 3
        },
        {
            "id": "Planning, Department Of",
            "name": "Planning, Department Of",
            "group": 2,
            "value": 3
        },
        {
            "id": "Economic And Workforce Development, Office Of",
            "name": "Economic And Workforce Development, Office Of",
            "group": 2,
            "value": 2
        },
        {
            "id": "General Services Agency",
            "name": "General Services Agency",
            "group": 2,
            "value": 1
        }
    ],
   
    "bubbleData": [
        {
            "id": "San Francisco Chamber Of Commerce",
            "name": "San Francisco Chamber Of Commerce",
            "group": 1,
            "value": 30
        },
        {
            "id": "Committee On Jobs",
            "name": "Committee On Jobs",
            "group": 2,
            "value": 10
        },
        {
            "id": "Pacific Gas And Electric Company",
            "name": "Pacific Gas And Electric Company",
            "group": 1,
            "value": 15
        },
        {
            "id": "San Francisco Association Of Realtors",
            "name": "San Francisco Association Of Realtors",
            "group": 2,
            "value": 3
        },
        {
            "id": "Bergdavis Public Affairs",
            "name": "Bergdavis Public Affairs",
            "group": 1,
            "value": 7
        },
        {
            "id": "Baybio",
            "name": "Baybio",
            "group": 1,
            "value": 2
        }
    ],
    "relationships": [
        {
            "id": "Board Of Supervisors_San Francisco Chamber Of Commerce",
            "arcId": "Board Of Supervisors",
            "bubbleId": "San Francisco Chamber Of Commerce"
        },
        {
            "id": "Board Of Supervisors_Committee On Jobs",
            "arcId": "Board Of Supervisors",
            "bubbleId": "Committee On Jobs"
        },
        {
            "id": "Board Of Supervisors_Pacific Gas And Electric Company",
            "arcId": "Board Of Supervisors",
            "bubbleId": "Pacific Gas And Electric Company"
        },
        {
            "id": "Board Of Supervisors_San Francisco Association Of Realtors",
            "arcId": "Board Of Supervisors",
            "bubbleId": "San Francisco Association Of Realtors"
        },
        {
            "id": "Board Of Supervisors_Bergdavis Public Affairs",
            "arcId": "Board Of Supervisors",
            "bubbleId": "Bergdavis Public Affairs"
        },
        {
            "id": "Board Of Supervisors_Baybio",
            "arcId": "Board Of Supervisors",
            "bubbleId": "Baybio"
        },
        {
            "id": "Mayor Office Of The_San Francisco Chamber Of Commerce",
            "arcId": "Mayor Office Of The",
            "bubbleId": "San Francisco Chamber Of Commerce"
        },
        {
            "id": "Mayor Office Of The_Committee On Jobs",
            "arcId": "Mayor Office Of The",
            "bubbleId": "Committee On Jobs"
        },
        {
            "id": "Mayor Office Of The_Pacific Gas And Electric Company",
            "arcId": "Mayor Office Of The",
            "bubbleId": "Pacific Gas And Electric Company"
        },
        {
            "id": "Mayor Office Of The_San Francisco Association Of Realtors",
            "arcId": "Mayor Office Of The",
            "bubbleId": "San Francisco Association Of Realtors"
        },
        {
            "id": "Mayor Office Of The_Bergdavis Public Affairs",
            "arcId": "Mayor Office Of The",
            "bubbleId": "Bergdavis Public Affairs"
        },
        {
            "id": "Mayor Office Of The_Baybio",
            "arcId": "Mayor Office Of The",
            "bubbleId": "Baybio"
        },
        {
            "id": "Economic And Workforce Development, Office Of_San Francisco Chamber Of Commerce",
            "arcId": "Economic And Workforce Development, Office Of",
            "bubbleId": "San Francisco Chamber Of Commerce"
        },
        {
            "id": "Economic And Workforce Development, Office Of_Committee On Jobs",
            "arcId": "Economic And Workforce Development, Office Of",
            "bubbleId": "Committee On Jobs"
        },
        {
            "id": "Municipal Transportation Agency_San Francisco Chamber Of Commerce",
            "arcId": "Municipal Transportation Agency",
            "bubbleId": "San Francisco Chamber Of Commerce"
        },
        {
            "id": "Municipal Transportation Agency_Committee On Jobs",
            "arcId": "Municipal Transportation Agency",
            "bubbleId": "Committee On Jobs"
        },
        {
            "id": "Municipal Transportation Agency_Pacific Gas And Electric Company",
            "arcId": "Municipal Transportation Agency",
            "bubbleId": "Pacific Gas And Electric Company"
        },
        {
            "id": "Planning, Department Of_San Francisco Chamber Of Commerce",
            "arcId": "Planning, Department Of",
            "bubbleId": "San Francisco Chamber Of Commerce"
        },
        {
            "id": "Planning, Department Of_Pacific Gas And Electric Company",
            "arcId": "Planning, Department Of",
            "bubbleId": "Pacific Gas And Electric Company"
        },
        {
            "id": "Planning, Department Of_Bergdavis Public Affairs",
            "arcId": "Planning, Department Of",
            "bubbleId": "Bergdavis Public Affairs"
        },
        {
            "id": "General Services Agency_San Francisco Chamber Of Commerce",
            "arcId": "General Services Agency",
            "bubbleId": "San Francisco Chamber Of Commerce"
        }]
    }