{
    "data": [
        {
            "id": 67547414,
            "name": "path-source",
            "created_at": "2016-09-06T21:14:29Z",
            "updated_at": "2017-03-29T20:19:00Z",
            "pushed_at": "2016-09-07T23:29:15Z",
            "size": 144,
            "language": "JavaScript"
        },
        {
            "id": 1839731,
            "name": "pixymaps",
            "created_at": "2011-06-02T22:21:08Z",
            "updated_at": "2016-11-13T19:48:15Z",
            "pushed_at": "2012-07-03T17:30:36Z",
            "size": 188,
            "language": "JavaScript"

        },
        {
            "id": 7169299,
            "name": "polly-b-gone",
            "created_at": "2012-12-14T17:39:08Z",
            "updated_at": "2017-03-17T19:27:35Z",
            "pushed_at": "2012-12-14T18:08:21Z",
            "size": 272,
            "language": "C++"

        },
        {
            "id": 842946,
            "name": "polymaps",
            "created_at": "2010-08-17T05:57:37Z",
            "updated_at": "2015-06-19T21:00:17Z",
            "pushed_at": "2011-06-14T20:13:49Z",
            "size": 533,
            "language": "JavaScript"
        },
        {
            "id": 21702865,
            "name": "por",
            "created_at": "2014-07-10T17:05:54Z",
            "updated_at": "2016-11-13T19:48:16Z",
            "pushed_at": "2016-08-25T17:50:57Z",
            "size": 136,
            "language": "JavaScript"

        },
        {
            "id": 60652990,
            "name": "preamble",
            
            "created_at": "2016-06-07T23:16:10Z",
            "updated_at": "2017-04-06T10:41:59Z",
            "pushed_at": "2016-11-09T22:08:50Z",
            "size": 40,
            "language": "JavaScript"
        },
        {
            "id": 579777,
            "name": "protovis",
            "created_at": "2010-03-25T22:06:52Z",
            "updated_at": "2017-04-09T13:33:45Z",
            "pushed_at": "2016-11-27T16:07:57Z",
            "size": 548,
           
            "language": "JavaScript"
        },
        {
            "id": 45561266,
            "name": "rollup",
          
            "created_at": "2015-11-04T19:10:58Z",
            "updated_at": "2016-09-21T16:13:47Z",
            "pushed_at": "2017-01-06T16:56:24Z",
           
            "size": 230,
           
            "language": "JavaScript"
        },
        {
            "id": 60802310,
            "name": "rollup-plugin-ascii",
          
            "created_at": "2016-06-09T19:45:19Z",
            "updated_at": "2017-01-04T14:23:55Z",
            "pushed_at": "2016-06-09T20:34:32Z",
           
            "size": 6,
           
            "language": "JavaScript"
        },
        {
            "id": 18495666,
            "name": "rw",
           
            "created_at": "2014-04-06T18:07:23Z",
            "updated_at": "2017-04-08T22:55:29Z",
            "pushed_at": "2017-01-20T17:13:16Z",
           
            "size": 107,
          
            "language": "JavaScript"
        },
        {
            "id": 21640794,
            "name": "rw-vs-fs",
           
            "created_at": "2014-07-09T05:41:47Z",
            "updated_at": "2016-11-13T19:48:18Z",
            "pushed_at": "2014-07-09T16:49:00Z",
            
            "size": 144,
            
            "language": "JavaScript"
        },
        {
            "id": 8116086,
            "name": "shapefile",
            
            "created_at": "2013-02-09T22:33:15Z",
            "updated_at": "2017-04-08T00:58:55Z",
            "pushed_at": "2017-01-26T18:39:32Z",
            
            "size": 199,
            
            "language": "JavaScript"
            
        },
        {
            "id": 67452213,
            "name": "slice-source",
            
            "created_at": "2016-09-05T21:33:16Z",
            "updated_at": "2016-11-13T19:48:18Z",
            "pushed_at": "2016-09-07T22:08:01Z",
            
            "size": 40,
           
            "language": "JavaScript"
        },
        {
            "id": 8743896,
            "name": "smash",
            
            "created_at": "2013-03-13T03:07:10Z",
            "updated_at": "2017-03-02T18:56:37Z",
            "pushed_at": "2016-09-01T19:13:23Z",
            
            "size": 72,
           
            "language": "JavaScript"
        },
        {
            "id": 26522051,
            "name": "solar-calculator",
           
            "created_at": "2014-11-12T06:13:55Z",
            "updated_at": "2017-03-24T19:05:13Z",
            "pushed_at": "2016-07-21T12:54:26Z",
           
            "size": 4,
            
            "language": "JavaScript"
        },
        {
            "id": 3224183,
            "name": "stack",
           
            "created_at": "2012-01-20T05:54:32Z",
            "updated_at": "2017-04-06T07:10:19Z",
            "pushed_at": "2016-12-15T21:47:50Z",
            
            "size": 165,
           
            "language": "JavaScript"
        },
        {
            "id": 67260172,
            "name": "stream-source",
            
            "created_at": "2016-09-02T23:06:17Z",
            "updated_at": "2016-11-13T19:48:20Z",
            "pushed_at": "2016-09-09T04:17:01Z",
            
            "size": 28,
            
            "language": "JavaScript"
        },
        {
            "id": 80882611,
            "name": "svjimmy",
           
            "created_at": "2017-02-04T01:00:15Z",
            "updated_at": "2017-03-13T18:50:20Z",
            "pushed_at": "2017-03-02T22:59:10Z",
            
            "size": 12,
            
            "language": "HTML"
        },
        {
            "id": 24467926,
            "name": "topoedit",
            
            "created_at": "2014-09-25T17:23:30Z",
            "updated_at": "2017-02-22T13:00:19Z",
            "pushed_at": "2014-10-02T16:03:13Z",
           
            "size": 420,
            
            "language": null
        },
        {
            "id": 24765627,
            "name": "topotree",
            
            "created_at": "2014-10-03T16:33:05Z",
            "updated_at": "2017-01-22T17:26:34Z",
            "pushed_at": "2014-10-15T19:47:52Z",
            
            "size": 332,
           
            "language": "JavaScript"
        },
        {
            "id": 10132783,
            "name": "us-rivers",
           
            "created_at": "2013-05-17T21:49:29Z",
            "updated_at": "2017-02-08T07:26:06Z",
            "pushed_at": "2017-01-18T20:19:06Z",
            
            "size": 20,
            
            "language": "JavaScript"
        },
        {
            "id": 86490958,
            "name": "vega-lite",
            
            "created_at": "2017-03-28T17:59:18Z",
            "updated_at": "2017-03-28T19:54:47Z",
            "pushed_at": "2017-03-28T18:04:13Z",
            
            "size": 232,
            
            "language": "TypeScript"
        }
    ]
}