{
    "data": [
        {
            "name": "beyoncé",
            "size": 7,
            "type": "persons"
        },
        {
            "name": "david bowie",
            "size": 6,
            "type": "persons"
        },
        {
            "name": "damien smith",
            "size": 40,
            "type": "persons"
        },
        {
            "name": "leonardo-finmeccanica",
            "size": 6,
            "type": "persons"
        },
        {
            "name": "elon musk",
            "size": 8,
            "type": "persons"
        },
        {
            "name": "crain",
            "size": 5,
            "type": "persons"
        },
        {
            "name": "roketsan",
            "size": 5,
            "type": "persons"
        },
        {
            "name": "lars schwetje/staff",
            "size": 7,
            "type": "persons"
        },
        {
            "name": "mustafa mohataram",
            "size": 6,
            "type": "persons"
        },
        {
            "name": "mark hughes",
            "size": 39,
            "type": "persons"
        },
        {
            "name": "calvin harris",
            "size": 5,
            "type": "persons"
        },
        {
            "name": "chelsea",
            "size": 12,
            "type": "persons"
        },
        {
            "name": "subaru",
            "size": 5,
            "type": "persons"
        },
        {
            "name": "mclaren",
            "size": 6,
            "type": "persons"
        },
        {
            "name": "justin bieber",
            "size": 5,
            "type": "persons"
        },
        {
            "name": "tinashe",
            "size": 25,
            "type": "persons"
        },
        {
            "name": "robyn",
            "size": 5,
            "type": "persons"
        },
        {
            "name": "lady gaga",
            "size": 5,
            "type": "persons"
        },
        {
            "name": "bugatti",
            "size": 6,
            "type": "persons"
        },
        {
            "name": "bob lutz",
            "size": 8,
            "type": "persons"
        },
        {
            "name": "rigzone",
            "size": 12,
            "type": "persons"
        },
        {
            "name": "julie bishop",
            "size": 7,
            "type": "persons"
        },
        {
            "name": "woong-chul yang",
            "size": 11,
            "type": "persons"
        },
        {
            "name": "nigel roebuck",
            "size": 39,
            "type": "persons"
        },
        {
            "name": "christine",
            "size": 5,
            "type": "persons"
        },
        {
            "name": "brexit",
            "size": 5,
            "type": "persons"
        },
        {
            "name": "roche",
            "size": 38,
            "type": "persons"
        },
        {
            "name": "bradford wernle",
            "size": 8,
            "type": "persons"
        },
        {
            "name": "antonio conte",
            "size": 6,
            "type": "persons"
        },
        {
            "name": "tesla",
            "size": 18,
            "type": "persons"
        },
        {
            "name": "zika",
            "size": 5,
            "type": "persons"
        },
        {
            "name": "novartis",
            "size": 39,
            "type": "companies"
        },
        {
            "name": "merck",
            "size": 6,
            "type": "companies"
        }
    ]
}