[{
 "model": "Audi",
 "India": 789,
 "Brazil": 567,
        "Cuba": 667,
 "US": 1000
 
}, {
 "model": "BMW",
 "India": 1009,
 "Brazil": 980,
        "Cuba": 467,
 "US": 880
 
}, {
 "model": "Benz",
 "India": 1100,
 "Brazil": 1400,
        "Cuba": 367,
 "US": 1000
}, {
 "model": "Aston Martin",
 "India": 290,
 "Brazil": 2031,
        "Cuba": 667,
 "US": 2789
}, {
 "model": "Rolls-Royce",
 "India": 59,
 "Brazil": 285,
        "Cuba": 567,
 "US": 897
}, {
 "model": "Jaguar",
 "India": 674,
 "Brazil": 875,
        "Cuba": 267,
 "US": 397
}, {
 "model": "Avanti",
 "India": 290,
 "Brazil": 1031,
        "Cuba": 867,
 "US": 2789
}, {
 "model": "Farrari",
 "India": 59,
 "Brazil": 685,
        "Cuba": 767,
 "US": 897
}, {
 "model": "Bugatti",
 "India": 674,
 "Brazil": 575,
        "Cuba": 567,
 "US": 497
}, {
 "model": "Viper",
 "India": 874,
 "Brazil": 975,
        "Cuba": 367,
 "US": 1097
}, {
 "model": "Ford",
 "India": 674,
 "Brazil": 975,
        "Cuba": 567,
 "US": 997
}]