{
	"persons": {
		"beyoncé": 7,
		"david bowie": 6,
		"damien smith": 4,
		"leonardo-finmeccanica": 6,
		"elon musk": 8,
		"crain": 5,
		"roketsan": 5
	},
	"companies": {
		"novartis": 9,
		"merck": 6,
		"hyundai": 19,
		"un": 5,
		"porsche": 34,
		"fiat": 9,
		"jaguar land rover": 9,
		"mbda": 12,
		"defence equipment": 5,
		"chelsea foundation": 6,
		"indian navy": 9,
		"renault-nissan": 5,
		"gm": 17
	},
	"phrases": {
		"technology": 7,
		"professionals": 6,
		"merck": 5,
		"football": 8,
		"more": 6,
		"coverage": 17,
		"wardsauto": 11,
		"range": 16,
		"fiat": 5,
		"archives": 14,
		"album": 6,
		"deal": 5
	},
	"locations": {
		"UK": 11,
		"Africa": 9,
		"Ireland": 5,
		"Glastonbury": 8,
		"Baghdad": 5,
		"Japan": 8,
		"Nigeria": 5,
		"Korea": 5,
		"Manchester": 10,
		"Iran": 5,
		"London": 5,
		"Vienna": 5,
		"Dublin": 5
	}
}