[{
        "type": "person",
        "content": "takata",
        "count": 2
    }, {
        "type": "person",
        "content": "ron dennis",
        "count": 2
    }, {
        "type": "person",
        "content": "popeye",
        "count": 2
    }, {
        "type": "person",
        "content": "wardsauto",
        "count": 4
    }, {
        "type": "person",
        "content": "kevin magnussen",
        "count": 2
    }, {
        "type": "person",
        "content": "holden monaro",
        "count": 2
    }, {
        "type": "person",
        "content": "jeff schuster",
        "count": 2
    }, {
        "type": "person",
        "content": "harald krueger",
        "count": 3
    }, {
        "type": "person",
        "content": "toro rosso",
        "count": 2
    }, {
        "type": "person",
        "content": "heather wagener",
        "count": 2
    }, {
        "type": "person",
        "content": "sergio marchionne",
        "count": 3
    }, {
        "type": "person",
        "content": "modine",
        "count": 3
    }, {
        "type": "person",
        "content": "karl probst",
        "count": 2
    }, {
        "type": "person",
        "content": "douglas a. bolduc",
        "count": 2
    }, {
        "type": "person",
        "content": "christian strenger",
        "count": 2
    }, {
        "type": "person",
        "content": "damien smith",
        "count": 40
    }, {
        "type": "person",
        "content": "cipriani",
        "count": 3
    }, {
        "type": "person",
        "content": "robert cox",
        "count": 2
    }, {
        "type": "person",
        "content": "austin maestro",
        "count": 2
    }, {
        "type": "person",
        "content": "john hughes",
        "count": 2
    }, {
        "type": "person",
        "content": "daniil kvyat",
        "count": 3
    }, {
        "type": "person",
        "content": "lamborghini",
        "count": 2
    }, {
        "type": "person",
        "content": "nico rosberg",
        "count": 2
    }, {
        "type": "person",
        "content": "elon musk",
        "count": 8
    }, {
        "type": "person",
        "content": "jlr",
        "count": 3
    }, {
        "type": "person",
        "content": "elringklinger",
        "count": 2
    }, {
        "type": "person",
        "content": "georgia chapman",
        "count": 2
    }, {
        "type": "person",
        "content": "megan desideri",
        "count": 2
    }, {
        "type": "person",
        "content": "maserati",
        "count": 3
    }, {
        "type": "person",
        "content": "crain",
        "count": 5
    }, {
        "type": "person",
        "content": "roy lunn",
        "count": 2
    }, {
        "type": "person",
        "content": "lewis hamilton",
        "count": 3
    }, {
        "type": "person",
        "content": "ed welburn",
        "count": 4
    }, {
        "type": "person",
        "content": "martin winterkorn",
        "count": 2
    }, {
        "type": "person",
        "content": "alfa romeo",
        "count": 3
    }, {
        "type": "person",
        "content": "mustafa mohataram",
        "count": 6
    }, {
        "type": "person",
        "content": "kimi räikkönen",
        "count": 2
    }, {
        "type": "person",
        "content": "gina ma",
        "count": 2
    }, {
        "type": "person",
        "content": "haitham",
        "count": 3
    }, {
        "type": "person",
        "content": "jason kopp",
        "count": 2
    }, {
        "type": "person",
        "content": "mark hughes",
        "count": 39
    }, {
        "type": "person",
        "content": "carlos sainz",
        "count": 2
    }, {
        "type": "person",
        "content": "holden gemini",
        "count": 2
    }, {
        "type": "person",
        "content": "bosch",
        "count": 2
    }, {
        "type": "person",
        "content": "holden",
        "count": 2
    }, {
        "type": "person",
        "content": "mobileye",
        "count": 2
    }, {
        "type": "person",
        "content": "max verstappen",
        "count": 2
    }, {
        "type": "person",
        "content": "michael vadasz",
        "count": 3
    }, {
        "type": "person",
        "content": "nick gibbs",
        "count": 2
    }, {
        "type": "person",
        "content": "subaru",
        "count": 5
    }, {
        "type": "person",
        "content": "mclaren",
        "count": 6
    }, {
        "type": "person",
        "content": "alfa romeo giulia",
        "count": 4
    }, {
        "type": "person",
        "content": "cooper",
        "count": 2
    }, {
        "type": "person",
        "content": "mike simcoe",
        "count": 4
    }, {
        "type": "person",
        "content": "sebastian vettel",
        "count": 2
    }, {
        "type": "person",
        "content": "burton hughes",
        "count": 2
    }, {
        "type": "person",
        "content": "ferrari",
        "count": 3
    }, {
        "type": "person",
        "content": "giulia",
        "count": 2
    }, {
        "type": "person",
        "content": "dave versical",
        "count": 2
    }, {
        "type": "person",
        "content": "bugatti",
        "count": 6
    }, {
        "type": "person",
        "content": "stirling moss",
        "count": 2
    }, {
        "type": "person",
        "content": "ed jolliffe",
        "count": 2
    }, {
        "type": "person",
        "content": "lyft",
        "count": 2
    }, {
        "type": "person",
        "content": "bob lutz",
        "count": 8
    }, {
        "type": "person",
        "content": "gorno ford",
        "count": 2
    }, {
        "type": "person",
        "content": "jackie stewart",
        "count": 2
    }, {
        "type": "person",
        "content": "jim gallagher",
        "count": 2
    }, {
        "type": "person",
        "content": "woong-chul yang",
        "count": 11
    }, {
        "type": "person",
        "content": "nigel roebuck",
        "count": 39
    }, {
        "type": "person",
        "content": "suzuki",
        "count": 2
    }, {
        "type": "person",
        "content": "goauto",
        "count": 2
    }, {
        "type": "person",
        "content": "holden commodore",
        "count": 2
    }, {
        "type": "person",
        "content": "bentley",
        "count": 4
    }, {
        "type": "person",
        "content": "sid watkins",
        "count": 2
    }, {
        "type": "person",
        "content": "brabham",
        "count": 2
    }, {
        "type": "person",
        "content": "holden captiva",
        "count": 2
    }, {
        "type": "person",
        "content": "silverstone",
        "count": 3
    }, {
        "type": "person",
        "content": "bradford wernle",
        "count": 8
    }, {
        "type": "person",
        "content": "mark",
        "count": 3
    }, {
        "type": "person",
        "content": "schumacher",
        "count": 2
    }, {
        "type": "person",
        "content": "patrick r. foster",
        "count": 2
    }, {
        "type": "person",
        "content": "christiaan hetzner",
        "count": 3
    }, {
        "type": "person",
        "content": "luca ciferri",
        "count": 2
    }, {
        "type": "person",
        "content": "roy salvadori",
        "count": 2
    }, {
        "type": "person",
        "content": "holden torana",
        "count": 2
    }, {
        "type": "person",
        "content": "gaetano thorel",
        "count": 3
    }, {
        "type": "person",
        "content": "linda jackson",
        "count": 2
    }, {
        "type": "person",
        "content": "williams",
        "count": 2
    }, {
        "type": "person",
        "content": "mike hawthorn",
        "count": 2
    }, {
        "type": "person",
        "content": "mike manley",
        "count": 3
    }, {
        "type": "person",
        "content": "daniel ricciardo",
        "count": 2
    }, {
        "type": "person",
        "content": "hakan samuelsson",
        "count": 2
    }, {
        "type": "person",
        "content": "tesla",
        "count": 18
    }, {
        "type": "person",
        "content": "schlagheck",
        "count": 2
    }, {
        "type": "person",
        "content": "harald kruger",
        "count": 3
    }, {
        "type": "person",
        "content": "aston martin",
        "count": 3
    }, {
        "type": "person",
        "content": "senna",
        "count": 2
    }, {
        "type": "person",
        "content": "valentino rossi",
        "count": 3
    }, {
        "type": "person",
        "content": "matt vandyke",
        "count": 3
    }, {
        "type": "location",
        "content": "US",
        "count": 11
    }, {
        "type": "location",
        "content": "UK",
        "count": 11
    }, {
        "type": "location",
        "content": "Japan",
        "count": 8
    }, {
        "type": "location",
        "content": "Germany",
        "count": 8
    }, {
        "type": "organization",
        "content": "falcon",
        "count": 2
    }, {
        "type": "organization",
        "content": "kaiser manufacturing co.",
        "count": 2
    }, {
        "type": "organization",
        "content": "hyundai",
        "count": 19
    }, {
        "type": "organization",
        "content": "wardsauto",
        "count": 2
    }, {
        "type": "organization",
        "content": "panasonic",
        "count": 3
    }, {
        "type": "organization",
        "content": "intel",
        "count": 4
    }, {
        "type": "organization",
        "content": "ford fusion",
        "count": 2
    }, {
        "type": "organization",
        "content": "porsche",
        "count": 34
    }, {
        "type": "organization",
        "content": "fiat",
        "count": 9
    }, {
        "type": "organization",
        "content": "jaguar land rover",
        "count": 9
    }, {
        "type": "organization",
        "content": "brm",
        "count": 2
    }, {
        "type": "organization",
        "content": "renault-nissan",
        "count": 5
    }, {
        "type": "organization",
        "content": "willys-overland",
        "count": 3
    }, {
        "type": "organization",
        "content": "gm",
        "count": 17
    }, {
        "type": "organization",
        "content": "automotive news",
        "count": 12
    }, {
        "type": "organization",
        "content": "amg",
        "count": 2
    }, {
        "type": "organization",
        "content": "daimlerchrysler",
        "count": 2
    }, {
        "type": "organization",
        "content": "fiat chrysler",
        "count": 21
    }, {
        "type": "organization",
        "content": "city toyota",
        "count": 2
    }, {
        "type": "organization",
        "content": "recapping toyota",
        "count": 19
    }, {
        "type": "organization",
        "content": "audi",
        "count": 30
    }, {
        "type": "organization",
        "content": "apple",
        "count": 4
    }, {
        "type": "organization",
        "content": "renault clio",
        "count": 2
    }, {
        "type": "organization",
        "content": "fca",
        "count": 7
    }, {
        "type": "organization",
        "content": "volkswagen ag",
        "count": 3
    }, {
        "type": "organization",
        "content": "cadillac cts",
        "count": 2
    }, {
        "type": "organization",
        "content": "citroen",
        "count": 2
    }, {
        "type": "organization",
        "content": "chrysler-jeep-dodge-ram",
        "count": 3
    }, {
        "type": "organization",
        "content": "ford pygmy",
        "count": 2
    }, {
        "type": "organization",
        "content": "borgwarner",
        "count": 2
    }, {
        "type": "organization",
        "content": "saab",
        "count": 4
    }, {
        "type": "organization",
        "content": "tata motors",
        "count": 3
    }, {
        "type": "organization",
        "content": "lincoln",
        "count": 6
    }, {
        "type": "organization",
        "content": "chery",
        "count": 3
    }, {
        "type": "organization",
        "content": "hyundai motor co australia",
        "count": 2
    }, {
        "type": "organization",
        "content": "acura",
        "count": 2
    }, {
        "type": "organization",
        "content": "ford bronco",
        "count": 2
    }, {
        "type": "organization",
        "content": "volkswagen",
        "count": 36
    }, {
        "type": "organization",
        "content": "army",
        "count": 3
    }, {
        "type": "organization",
        "content": "volkswagen group",
        "count": 6
    }, {
        "type": "organization",
        "content": "volvo",
        "count": 30
    }, {
        "type": "organization",
        "content": "vw",
        "count": 38
    }, {
        "type": "organization",
        "content": "automotive news group",
        "count": 2
    }, {
        "type": "organization",
        "content": "hughes",
        "count": 2
    }, {
        "type": "organization",
        "content": "victorville motors",
        "count": 3
    }, {
        "type": "organization",
        "content": "piper prospect satisfaction index",
        "count": 8
    }, {
        "type": "organization",
        "content": "honda",
        "count": 27
    }, {
        "type": "organization",
        "content": "automotive news europe",
        "count": 4
    }, {
        "type": "organization",
        "content": "automotive news europe eurostars",
        "count": 2
    }, {
        "type": "organization",
        "content": "fia",
        "count": 3
    }, {
        "type": "organization",
        "content": "tesla motors",
        "count": 4
    }, {
        "type": "organization",
        "content": "valeo",
        "count": 2
    }, {
        "type": "organization",
        "content": "maserati",
        "count": 2
    }, {
        "type": "organization",
        "content": "citroen gs",
        "count": 2
    }, {
        "type": "organization",
        "content": "daimler",
        "count": 6
    }, {
        "type": "organization",
        "content": "chrysler",
        "count": 18
    }, {
        "type": "organization",
        "content": "jaguar xfl",
        "count": 3
    }, {
        "type": "organization",
        "content": "mercedes-benz",
        "count": 21
    }, {
        "type": "organization",
        "content": "automotive news leading women network",
        "count": 3
    }, {
        "type": "organization",
        "content": "ford territory",
        "count": 2
    }, {
        "type": "organization",
        "content": "fiat s.p.a.",
        "count": 2
    }, {
        "type": "organization",
        "content": "ane",
        "count": 2
    }, {
        "type": "organization",
        "content": "continental",
        "count": 3
    }, {
        "type": "organization",
        "content": "mitsubishi magna",
        "count": 2
    }, {
        "type": "organization",
        "content": "rolls-royce",
        "count": 4
    }, {
        "type": "organization",
        "content": "crain communications inc legal department",
        "count": 2
    }, {
        "type": "organization",
        "content": "american motors",
        "count": 3
    }, {
        "type": "organization",
        "content": "toyota",
        "count": 56
    }, {
        "type": "organization",
        "content": "ford transit",
        "count": 2
    }, {
        "type": "organization",
        "content": "ford falcon",
        "count": 2
    }, {
        "type": "organization",
        "content": "red bull",
        "count": 2
    }, {
        "type": "organization",
        "content": "chongqing lifan industry",
        "count": 2
    }, {
        "type": "organization",
        "content": "fcai",
        "count": 6
    }, {
        "type": "organization",
        "content": "cleveland business",
        "count": 2
    }, {
        "type": "organization",
        "content": "bmw group",
        "count": 4
    }, {
        "type": "organization",
        "content": "crain communications inc",
        "count": 5
    }, {
        "type": "organization",
        "content": "lg chem",
        "count": 3
    }, {
        "type": "organization",
        "content": "johnson controls",
        "count": 3
    }, {
        "type": "organization",
        "content": "eu",
        "count": 26
    }, {
        "type": "organization",
        "content": "cerberus capital management",
        "count": 2
    }, {
        "type": "organization",
        "content": "s&p global ratings",
        "count": 2
    }, {
        "type": "organization",
        "content": "delphi",
        "count": 6
    }, {
        "type": "organization",
        "content": "honeywell",
        "count": 2
    }, {
        "type": "organization",
        "content": "kaiser-jeep corp",
        "count": 2
    }, {
        "type": "organization",
        "content": "encap",
        "count": 2
    }, {
        "type": "organization",
        "content": "avtovaz",
        "count": 2
    }, {
        "type": "organization",
        "content": "subaru",
        "count": 2
    }, {
        "type": "organization",
        "content": "mclaren",
        "count": 7
    }, {
        "type": "organization",
        "content": "daimler ag",
        "count": 2
    }, {
        "type": "organization",
        "content": "kiekert",
        "count": 3
    }, {
        "type": "organization",
        "content": "le mans",
        "count": 4
    }, {
        "type": "organization",
        "content": "mazda",
        "count": 16
    }, {
        "type": "organization",
        "content": "lmc",
        "count": 2
    }, {
        "type": "organization",
        "content": "ferrari",
        "count": 6
    }, {
        "type": "organization",
        "content": "chrysler corp.",
        "count": 3
    }, {
        "type": "organization",
        "content": "thyssenkrupp",
        "count": 3
    }, {
        "type": "organization",
        "content": "bantam",
        "count": 2
    }, {
        "type": "organization",
        "content": "mercedes",
        "count": 5
    }, {
        "type": "organization",
        "content": "kia",
        "count": 5
    }, {
        "type": "organization",
        "content": "chevrolet",
        "count": 2
    }, {
        "type": "organization",
        "content": "hmca",
        "count": 2
    }, {
        "type": "organization",
        "content": "freightliner",
        "count": 2
    }, {
        "type": "organization",
        "content": "ancap",
        "count": 3
    }, {
        "type": "organization",
        "content": "abbey",
        "count": 2
    }, {
        "type": "organization",
        "content": "mitsubishi",
        "count": 10
    }, {
        "type": "organization",
        "content": "general motors",
        "count": 23
    }, {
        "type": "organization",
        "content": "jaguar",
        "count": 21
    }, {
        "type": "organization",
        "content": "motor sport",
        "count": 3
    }, {
        "type": "organization",
        "content": "bmw world",
        "count": 3
    }, {
        "type": "organization",
        "content": "american bantam car co.",
        "count": 2
    }, {
        "type": "organization",
        "content": "lmc automotive",
        "count": 2
    }, {
        "type": "organization",
        "content": "amc",
        "count": 2
    }, {
        "type": "organization",
        "content": "reuters business news",
        "count": 2
    }, {
        "type": "organization",
        "content": "ford of europe",
        "count": 3
    }, {
        "type": "organization",
        "content": "porsche cayenne",
        "count": 2
    }, {
        "type": "organization",
        "content": "ford motor co.",
        "count": 5
    }, {
        "type": "organization",
        "content": "magna",
        "count": 4
    }, {
        "type": "organization",
        "content": "royal automobile club",
        "count": 2
    }, {
        "type": "organization",
        "content": "nrma",
        "count": 3
    }, {
        "type": "organization",
        "content": "european marketing & events",
        "count": 2
    }, {
        "type": "organization",
        "content": "melville toyota",
        "count": 2
    }, {
        "type": "organization",
        "content": "zoom tv",
        "count": 2
    }, {
        "type": "organization",
        "content": "peugeot",
        "count": 4
    }, {
        "type": "organization",
        "content": "nhtsa",
        "count": 6
    }, {
        "type": "organization",
        "content": "european commission",
        "count": 2
    }, {
        "type": "organization",
        "content": "renault",
        "count": 12
    }, {
        "type": "organization",
        "content": "tesla ceo elon musk",
        "count": 2
    }, {
        "type": "organization",
        "content": "service",
        "count": 3
    }, {
        "type": "organization",
        "content": "nissan",
        "count": 42
    }, {
        "type": "organization",
        "content": "psa",
        "count": 20
    }, {
        "type": "organization",
        "content": "european union",
        "count": 2
    }, {
        "type": "organization",
        "content": "automedia",
        "count": 3
    }, {
        "type": "organization",
        "content": "buick verano",
        "count": 2
    }, {
        "type": "organization",
        "content": "bmw",
        "count": 35
    }, {
        "type": "organization",
        "content": "lifan",
        "count": 2
    }, {
        "type": "organization",
        "content": "ford",
        "count": 47
    }, {
        "type": "organization",
        "content": "samsung electronics",
        "count": 3
    }, {
        "type": "organization",
        "content": "xfl",
        "count": 3
    }, {
        "type": "organization",
        "content": "nada data",
        "count": 5
    }, {
        "type": "organization",
        "content": "willys-overland motor co.",
        "count": 15
    }, {
        "type": "organization",
        "content": "general motors co.",
        "count": 2
    }, {
        "type": "organization",
        "content": "morgan stanley",
        "count": 2
    }, {
        "type": "organization",
        "content": "aston martin",
        "count": 7
    }, {
        "type": "organization",
        "content": "nox nitrogen oxide",
        "count": 2
    }, {
        "type": "organization",
        "content": "crain communications inc.",
        "count": 5
    }, {
        "type": "organization",
        "content": "genk",
        "count": 2
    }, {
        "type": "organization",
        "content": "vw group",
        "count": 2
    }, {
        "type": "organization",
        "content": "automotive news europe congress",
        "count": 3
    }, {
        "type": "organization",
        "content": "federal chamber of automotive industries",
        "count": 7
    }, {
        "type": "phrase",
        "content": "technology",
        "count": 3
    }, {
        "type": "phrase",
        "content": "products",
        "count": 3
    }, {
        "type": "phrase",
        "content": "hyundai",
        "count": 4
    }, {
        "type": "phrase",
        "content": "map",
        "count": 2
    }, {
        "type": "phrase",
        "content": "coverage",
        "count": 17
    }, {
        "type": "phrase",
        "content": "wardsauto",
        "count": 11
    }, {
        "type": "phrase",
        "content": "porsche",
        "count": 4
    }, {
        "type": "phrase",
        "content": "fiat",
        "count": 5
    }, {
        "type": "phrase",
        "content": "light",
        "count": 2
    }, {
        "type": "phrase",
        "content": "luxury",
        "count": 2
    }, {
        "type": "phrase",
        "content": "agreement",
        "count": 2
    }, {
        "type": "phrase",
        "content": "photogallery",
        "count": 2
    }, {
        "type": "phrase",
        "content": "dealer",
        "count": 3
    }, {
        "type": "phrase",
        "content": "dealerships",
        "count": 3
    }, {
        "type": "phrase",
        "content": "concept",
        "count": 4
    }, {
        "type": "phrase",
        "content": "insights",
        "count": 2
    }, {
        "type": "phrase",
        "content": "under",
        "count": 2
    }, {
        "type": "phrase",
        "content": "next",
        "count": 2
    }, {
        "type": "phrase",
        "content": "daihatsu",
        "count": 4
    }, {
        "type": "phrase",
        "content": "audi",
        "count": 5
    }, {
        "type": "phrase",
        "content": "this",
        "count": 2
    }, {
        "type": "phrase",
        "content": "model",
        "count": 4
    }, {
        "type": "phrase",
        "content": "hummer",
        "count": 2
    }, {
        "type": "phrase",
        "content": "fame",
        "count": 2
    }, {
        "type": "phrase",
        "content": "drives",
        "count": 2
    }, {
        "type": "phrase",
        "content": "raises",
        "count": 2
    }, {
        "type": "phrase",
        "content": "privacy",
        "count": 2
    }, {
        "type": "phrase",
        "content": "british",
        "count": 2
    }, {
        "type": "phrase",
        "content": "company",
        "count": 3
    }, {
        "type": "phrase",
        "content": "citroen",
        "count": 2
    }, {
        "type": "phrase",
        "content": "blogs",
        "count": 7
    }, {
        "type": "phrase",
        "content": "infiniti",
        "count": 3
    }, {
        "type": "phrase",
        "content": "gm,",
        "count": 2
    }, {
        "type": "phrase",
        "content": "practices",
        "count": 3
    }, {
        "type": "phrase",
        "content": "lincoln",
        "count": 2
    }, {
        "type": "phrase",
        "content": "acura",
        "count": 2
    }, {
        "type": "phrase",
        "content": "news",
        "count": 321
    }, {
        "type": "phrase",
        "content": "beijing",
        "count": 3
    }, {
        "type": "phrase",
        "content": "gmc",
        "count": 3
    }, {
        "type": "phrase",
        "content": "side",
        "count": 2
    }, {
        "type": "phrase",
        "content": "volkswagen",
        "count": 4
    }, {
        "type": "phrase",
        "content": "lamborghini",
        "count": 3
    }, {
        "type": "phrase",
        "content": "2015",
        "count": 12
    }, {
        "type": "phrase",
        "content": "volvo",
        "count": 3
    }, {
        "type": "phrase",
        "content": "design",
        "count": 3
    }, {
        "type": "phrase",
        "content": "access",
        "count": 3
    }, {
        "type": "phrase",
        "content": "land",
        "count": 4
    }, {
        "type": "phrase",
        "content": "vision",
        "count": 2
    }, {
        "type": "phrase",
        "content": "europe",
        "count": 34
    }, {
        "type": "phrase",
        "content": "interview",
        "count": 2
    }, {
        "type": "phrase",
        "content": "saturn",
        "count": 2
    }, {
        "type": "phrase",
        "content": "executive",
        "count": 4
    }, {
        "type": "phrase",
        "content": "why",
        "count": 4
    }, {
        "type": "phrase",
        "content": "people",
        "count": 3
    }, {
        "type": "phrase",
        "content": "autonews",
        "count": 2
    }, {
        "type": "phrase",
        "content": "yuan",
        "count": 2
    }, {
        "type": "phrase",
        "content": "scion",
        "count": 2
    }, {
        "type": "phrase",
        "content": "about",
        "count": 3
    }, {
        "type": "phrase",
        "content": "aston",
        "count": 5
    }, {
        "type": "phrase",
        "content": "jeep's",
        "count": 2
    }, {
        "type": "phrase",
        "content": "concepts",
        "count": 3
    }, {
        "type": "phrase",
        "content": "footprint",
        "count": 2
    }, {
        "type": "phrase",
        "content": "new",
        "count": 8
    }, {
        "type": "phrase",
        "content": "gallery:",
        "count": 3
    }, {
        "type": "phrase",
        "content": "(the",
        "count": 2
    }, {
        "type": "phrase",
        "content": "its",
        "count": 2
    }, {
        "type": "phrase",
        "content": "reviews",
        "count": 2
    }, {
        "type": "phrase",
        "content": "video",
        "count": 3
    }, {
        "type": "phrase",
        "content": "daimler",
        "count": 3
    }, {
        "type": "phrase",
        "content": "chrysler",
        "count": 7
    }, {
        "type": "phrase",
        "content": "used",
        "count": 7
    }, {
        "type": "phrase",
        "content": "press",
        "count": 2
    }, {
        "type": "phrase",
        "content": "for",
        "count": 4
    }, {
        "type": "phrase",
        "content": "suppliers",
        "count": 2
    }, {
        "type": "phrase",
        "content": "industry",
        "count": 5
    }, {
        "type": "phrase",
        "content": "should",
        "count": 2
    }, {
        "type": "phrase",
        "content": "fixed",
        "count": 4
    }, {
        "type": "phrase",
        "content": "medium",
        "count": 2
    }, {
        "type": "phrase",
        "content": "75-year",
        "count": 2
    }, {
        "type": "phrase",
        "content": "u.s.",
        "count": 3
    }, {
        "type": "phrase",
        "content": "royce",
        "count": 3
    }, {
        "type": "phrase",
        "content": "frankfurt",
        "count": 2
    }, {
        "type": "phrase",
        "content": "july",
        "count": 2
    }, {
        "type": "phrase",
        "content": "short",
        "count": 2
    }, {
        "type": "phrase",
        "content": "again",
        "count": 2
    }, {
        "type": "phrase",
        "content": "rover",
        "count": 3
    }, {
        "type": "phrase",
        "content": "net",
        "count": 2
    }, {
        "type": "phrase",
        "content": "toyota",
        "count": 2
    }, {
        "type": "phrase",
        "content": "classic",
        "count": 3
    }, {
        "type": "phrase",
        "content": "lexus",
        "count": 3
    }, {
        "type": "phrase",
        "content": "vauxhall",
        "count": 3
    }, {
        "type": "phrase",
        "content": "rising",
        "count": 3
    }, {
        "type": "phrase",
        "content": "alfa",
        "count": 2
    }, {
        "type": "phrase",
        "content": "sport",
        "count": 40
    }, {
        "type": "phrase",
        "content": "european",
        "count": 2
    }, {
        "type": "phrase",
        "content": "holden",
        "count": 5
    }, {
        "type": "phrase",
        "content": "mln",
        "count": 2
    }, {
        "type": "phrase",
        "content": "100",
        "count": 2
    }, {
        "type": "phrase",
        "content": "magazine",
        "count": 39
    }, {
        "type": "phrase",
        "content": "show",
        "count": 22
    }, {
        "type": "phrase",
        "content": "buick",
        "count": 2
    }, {
        "type": "phrase",
        "content": "says",
        "count": 4
    }, {
        "type": "phrase",
        "content": "auto",
        "count": 29
    }, {
        "type": "phrase",
        "content": "make",
        "count": 6
    }, {
        "type": "phrase",
        "content": "fall",
        "count": 2
    }, {
        "type": "phrase",
        "content": "romeo",
        "count": 2
    }, {
        "type": "phrase",
        "content": "motor",
        "count": 40
    }, {
        "type": "phrase",
        "content": "dividend",
        "count": 2
    }, {
        "type": "phrase",
        "content": "archive",
        "count": 7
    }, {
        "type": "phrase",
        "content": "mini",
        "count": 5
    }, {
        "type": "phrase",
        "content": "automotivenews.com",
        "count": 2
    }, {
        "type": "phrase",
        "content": "shift",
        "count": 2
    }, {
        "type": "phrase",
        "content": "assembly",
        "count": 3
    }, {
        "type": "phrase",
        "content": "campaign",
        "count": 2
    }, {
        "type": "phrase",
        "content": "stars",
        "count": 3
    }, {
        "type": "phrase",
        "content": "mazda",
        "count": 5
    }, {
        "type": "phrase",
        "content": "f&i",
        "count": 2
    }, {
        "type": "phrase",
        "content": "lmc",
        "count": 2
    }, {
        "type": "phrase",
        "content": "ferrari",
        "count": 4
    }, {
        "type": "phrase",
        "content": "shots",
        "count": 4
    }, {
        "type": "phrase",
        "content": "ford,",
        "count": 2
    }, {
        "type": "phrase",
        "content": "vw's",
        "count": 2
    }, {
        "type": "phrase",
        "content": "launches",
        "count": 4
    }, {
        "type": "phrase",
        "content": "changes",
        "count": 2
    }, {
        "type": "phrase",
        "content": "\"service\")",
        "count": 2
    }, {
        "type": "phrase",
        "content": "mercedes",
        "count": 4
    }, {
        "type": "phrase",
        "content": "site",
        "count": 3
    }, {
        "type": "phrase",
        "content": "shanghai",
        "count": 3
    }, {
        "type": "phrase",
        "content": "photo",
        "count": 20
    }, {
        "type": "phrase",
        "content": "policy",
        "count": 2
    }, {
        "type": "phrase",
        "content": "bugatti",
        "count": 2
    }, {
        "type": "phrase",
        "content": "kia",
        "count": 2
    }, {
        "type": "phrase",
        "content": "cutaways",
        "count": 6
    }, {
        "type": "phrase",
        "content": "mans",
        "count": 4
    }, {
        "type": "phrase",
        "content": "interiors",
        "count": 2
    }, {
        "type": "phrase",
        "content": "events",
        "count": 3
    }, {
        "type": "phrase",
        "content": "mitsubishi",
        "count": 4
    }, {
        "type": "phrase",
        "content": "jaguar",
        "count": 4
    }, {
        "type": "phrase",
        "content": "automaker",
        "count": 2
    }, {
        "type": "phrase",
        "content": "move",
        "count": 4
    }, {
        "type": "phrase",
        "content": "cadillac",
        "count": 2
    }, {
        "type": "phrase",
        "content": "year",
        "count": 2
    }, {
        "type": "phrase",
        "content": "gallery",
        "count": 13
    }, {
        "type": "phrase",
        "content": "down",
        "count": 2
    }, {
        "type": "phrase",
        "content": "geneva",
        "count": 2
    }, {
        "type": "phrase",
        "content": "engine",
        "count": 3
    }, {
        "type": "phrase",
        "content": "home",
        "count": 2
    }, {
        "type": "phrase",
        "content": "numbers",
        "count": 4
    }, {
        "type": "phrase",
        "content": "big",
        "count": 3
    }, {
        "type": "phrase",
        "content": "rolls",
        "count": 3
    }, {
        "type": "phrase",
        "content": "terms",
        "count": 2
    }, {
        "type": "phrase",
        "content": "suzuki",
        "count": 2
    }, {
        "type": "phrase",
        "content": "how",
        "count": 2
    }, {
        "type": "phrase",
        "content": "goauto",
        "count": 8
    }, {
        "type": "phrase",
        "content": "record,",
        "count": 2
    }, {
        "type": "phrase",
        "content": "car",
        "count": 31
    }, {
        "type": "phrase",
        "content": "bentley",
        "count": 2
    }, {
        "type": "phrase",
        "content": "with",
        "count": 2
    }, {
        "type": "phrase",
        "content": "automotive",
        "count": 314
    }, {
        "type": "phrase",
        "content": "self-driving",
        "count": 2
    }, {
        "type": "phrase",
        "content": "supplier",
        "count": 2
    }, {
        "type": "phrase",
        "content": "now",
        "count": 2
    }, {
        "type": "phrase",
        "content": "june",
        "count": 3
    }, {
        "type": "phrase",
        "content": "dodge",
        "count": 2
    }, {
        "type": "phrase",
        "content": "large",
        "count": 2
    }, {
        "type": "phrase",
        "content": "jlr,",
        "count": 2
    }, {
        "type": "phrase",
        "content": "skoda",
        "count": 2
    }, {
        "type": "phrase",
        "content": "renault",
        "count": 3
    }, {
        "type": "phrase",
        "content": "size",
        "count": 4
    }, {
        "type": "phrase",
        "content": "has",
        "count": 2
    }, {
        "type": "phrase",
        "content": "service",
        "count": 2
    }, {
        "type": "phrase",
        "content": "prix",
        "count": 3
    }, {
        "type": "phrase",
        "content": "videos",
        "count": 4
    }, {
        "type": "phrase",
        "content": "issues",
        "count": 6
    }, {
        "type": "phrase",
        "content": "nissan",
        "count": 4
    }, {
        "type": "phrase",
        "content": "research",
        "count": 5
    }, {
        "type": "phrase",
        "content": "buying",
        "count": 2
    }, {
        "type": "phrase",
        "content": "hall",
        "count": 2
    }, {
        "type": "phrase",
        "content": "tata",
        "count": 4
    }, {
        "type": "phrase",
        "content": "page",
        "count": 7
    }, {
        "type": "phrase",
        "content": "future",
        "count": 4
    }, {
        "type": "phrase",
        "content": "models",
        "count": 2
    }, {
        "type": "phrase",
        "content": "paris",
        "count": 2
    }, {
        "type": "phrase",
        "content": "2016",
        "count": 16
    }, {
        "type": "phrase",
        "content": "china's",
        "count": 2
    }, {
        "type": "phrase",
        "content": "vantage",
        "count": 3
    }, {
        "type": "phrase",
        "content": "jeep",
        "count": 7
    }, {
        "type": "phrase",
        "content": "latest",
        "count": 6
    }, {
        "type": "phrase",
        "content": "suv",
        "count": 4
    }, {
        "type": "phrase",
        "content": "best",
        "count": 5
    }, {
        "type": "phrase",
        "content": "smart",
        "count": 2
    }, {
        "type": "phrase",
        "content": "bmw",
        "count": 5
    }, {
        "type": "phrase",
        "content": "benz",
        "count": 3
    }, {
        "type": "phrase",
        "content": "lifan",
        "count": 2
    }, {
        "type": "phrase",
        "content": "ford",
        "count": 5
    }, {
        "type": "phrase",
        "content": "martin",
        "count": 5
    }, {
        "type": "phrase",
        "content": "use",
        "count": 2
    }, {
        "type": "phrase",
        "content": "data",
        "count": 3
    }, {
        "type": "phrase",
        "content": "convention",
        "count": 2
    }, {
        "type": "phrase",
        "content": "i30",
        "count": 2
    }, {
        "type": "phrase",
        "content": "galleries",
        "count": 7
    }, {
        "type": "phrase",
        "content": "loss",
        "count": 3
    }, {
        "type": "phrase",
        "content": "tesla",
        "count": 5
    }, {
        "type": "phrase",
        "content": "maybach",
        "count": 2
    }, {
        "type": "phrase",
        "content": "spy",
        "count": 4
    }, {
        "type": "phrase",
        "content": "sales",
        "count": 8
    }, {
        "type": "phrase",
        "content": "market",
        "count": 2
    }, {
        "type": "phrase",
        "content": "nada",
        "count": 5
    }, {
        "type": "phrase",
        "content": "seat",
        "count": 2
    }, {
        "type": "phrase",
        "content": "cars",
        "count": 11
    }, {
        "type": "phrase",
        "content": "conditions",
        "count": 2
    }, {
        "type": "phrase",
        "content": "plant",
        "count": 2
    }, {
        "type": "phrase",
        "content": "grand",
        "count": 4
    }, {
        "type": "phrase",
        "content": "opel",
        "count": 3
    }, {
        "type": "phrase",
        "content": "first",
        "count": 3
    }, {
        "type": "phrase",
        "content": "ram",
        "count": 4
    }, {
        "type": "phrase",
        "content": "watch:",
        "count": 2
    }, {
        "type": "phrase",
        "content": "operations",
        "count": 4
    }]
