{"children": [{
	
		
			"name": "group4",
			"children": [{
				"name": "Bermuda",
				"size": 45
			}, {
				"name": "French Polynesia",
				"size": 571
			}, {
				"name": "Jersey",
				"size": 580
			}, {
				"name": "Burundi",
				"size": 510
			}, {
				"name": "Monaco",
				"size": 547
			}, {
				"name": "Guyana",
				"size": 580
			}, {
				"name": "Somalia",
				"size": 896
			}, {
				"name": "Swaziland",
				"size": 610
			}, {
				"name": "Suriname",
				"size": 932
			}, {
				"name": "Togo",
				"size": 946
			}, {
				"name": "Zimbabwe",
				"size": 600
			}, {
				"name": "Sierra Leone",
				"size": 670
			}, {
				"name": "Barbados",
				"size": 290
			}, {
				"name": "Mauritania",
				"size": 400
			}, {
				"name": "Montenegro",
				"size": 715
			}, {
				"name": "Timor-Leste",
				"size": 900
			}, {
				"name": "Bahamas, The",
				"size": 100
			}, {
				"name": "Malta",
				"size": 108
			}, {
				"name": "Guinea",
				"size": 115
			}, {
				"name": "Niger",
				"size": 116
			}]
		}, {
			"name": "group5",
			"children": [{
				"name": "Moldova",
				"size": 1200
			}, {
				"name": "Haiti",
				"size": 120
			}, {
				"name": "Iceland",
				"size": 124
			}, {
				"name": "West Bank",
				"size": 12
			}, {
				"name": "Kosovo",
				"size": 1280
			}, {
				"name": "Kyrgyzstan",
				"size": 131
			}, {
				"name": "Mongolia",
				"size": 132
			}, {
				"name": "Rwanda",
				"size": 2360
			}, {
				"name": "Malawi",
				"size": 137
			}, {
				"name": "Benin",
				"size": 147
			}, {
				"name": "Namibia",
				"size": 159
			}, {
				"name": "Tajikistan",
				"size": 162
			}, {
				"name": "Guinea",
				"size": 168
			}, {
				"name": "Laos",
				"size": 174
			}, {
				"name": "Mali",
				"size": 178
			}, {
				"name": "Armenia",
				"size": 179
			}, {
				"name": "Congo",
				"size": 180
			}, {
				"name": "Macau",
				"size": 184
			}, {
				"name": "Nicaragua",
				"size": 188
			}, {
				"name": "Mauritius",
				"size": 192
			}]
		}, {
			"name": "group6",
			"children": [{
				"name": "Chad",
				"size": 195
			}, {
				"name": "Madagascar",
				"size": 206
			}, {
				"name": "Brunei",
				"size": 210
			}, {
				"name": "South Sudan",
				"size": 211
			}, {
				"name": "Macedonia",
				"size": 215
			}, {
				"name": "Zambia",
				"size": 218
			}, {
				"name": "Burkina Faso",
				"size": 221
			}, {
				"name": "Cyprus",
				"size": 2372
			}, {
				"name": "Mozambique",
				"size": 24
			}, {
				"name": "Georgia",
				"size": 245
			}, {
				"name": "Jamaica",
				"size": 2456
			}, {
				"name": "Gabon",
				"size": 2477
			}, {
				"name": "Senegal",
				"size": 25
			}, {
				"name": "Congo",
				"size": 250
			}, {
				"name": "Albania",
				"size": 253
			}, {
				"name": "Guinea",
				"size": 26
			}, {
				"name": "Tobago",
				"size": 264
			}, {
				"name": "Estonia",
				"size": 2731
			}, {
				"name": "Afghanistan",
				"size": 974
			}, {
				"name": "Botswana",
				"size": 298
			}]
		
	
}]
}