{
	"persons": {
		"beyoncé": 7,
		"david bowie": 6,
		"damien smith": 40,
		"leonardo-finmeccanica": 6,
		"elon musk": 8,
		"crain": 5,
		"roketsan": 5,
		"lars schwetje/staff": 7,
		"mustafa mohataram": 6,
		"mark hughes": 39,
		"calvin harris": 5,
		"chelsea": 12,
		"subaru": 5,
		"mclaren": 6,
		"justin bieber": 5,
		"tinashe": 25,
		"robyn": 5,
		"lady gaga": 5,
		"bugatti": 6,
		"bob lutz": 8,
		"rigzone": 12,
		"julie bishop": 7,
		"woong-chul yang": 11,
		"nigel roebuck": 39,
		"christine": 5,
		"brexit": 5,
		"roche": 38,
		"bradford wernle": 8,
		"antonio conte": 6,
		"tesla": 18,
		"zika": 5
	},
	"companies": {
		"novartis": 39,
		"merck": 6,
		"hyundai": 19,
		"un": 5,
		"porsche": 34,
		"fiat": 9,
		"jaguar land rover": 9,
		"mbda": 12,
		"defence equipment": 5,
		"chelsea foundation": 6,
		"indian navy": 9,
		"renault-nissan": 5,
		"gm": 17,
		"automotive news": 12,
		"opec": 5,
		"raytheon": 21,
		"lockheed martin": 18,
		"fiat chrysler": 21,
		"recapping toyota": 19,
		"audi": 30,
		"fca": 7,
		"un office of disarmament affairs": 6,
		"lincoln": 6,
		"qinetiq": 7,
		"airbus defence": 6,
		"tesco clubcard": 28,
		"volkswagen": 36,
		"volkswagen group": 6,
		"volvo": 30,
		"vw": 38,
		"airbus": 8,
		"chevron": 6,
		"piper prospect satisfaction index": 8,
		"honda": 27,
		"us army": 6,
		"fda": 13,
		"arsenal": 11,
		"u.s. food and drug administration": 9,
		"daimler": 6,
		"chrysler": 18,
		"mercedes-benz": 21,
		"ihs jane": 22,
		"toyota": 56,
		"rcn": 5,
		"fcai": 6,
		"india-us joint working group on aircraft carrier technology cooperation": 8,
		"bp": 17,
		"crain communications inc": 5,
		"royal navy": 26,
		"chelsea": 25,
		"delphi": 6,
		"amgen": 6,
		"pfizer inc.": 39,
		"us air force": 15,
		"mclaren": 7,
		"northrop grumman": 6,
		"mazda": 16,
		"defense news": 8,
		"british army": 11,
		"ferrari": 6,
		"nato": 25,
		"navy": 8,
		"u.s. department of health and human services": 7,
		"unoda": 6,
		"mercedes": 5,
		"nyse": 5,
		"kia": 5,
		"joint forces command": 5,
		"air force": 18,
		"premier league": 7,
		"usn": 6,
		"istar": 7,
		"lockheed martin missiles": 12,
		"bae": 19,
		"mitsubishi": 10,
		"elbit systems": 9,
		"general motors": 23,
		"jaguar": 21,
		"esterline cmc electronics": 5,
		"us navy": 18,
		"islamic state": 6,
		"abl": 5,
		"chelsea fc": 9,
		"tesco": 33,
		"raf": 21,
		"ford motor co.": 5,
		"lockheed martin mfc": 8,
		"roche children's walk": 37,
		"farnborough international air show": 9,
		"bae systems": 17,
		"ministry of defence": 23,
		"uk ministry of defence": 8,
		"usaf": 12,
		"nhtsa": 6,
		"us marine corps": 9,
		"farnborough airshow international airshow": 6,
		"medicines for malaria venture": 37,
		"renault": 12,
		"adele": 8,
		"thales": 10,
		"nissan": 42,
		"farnborough international airshow": 36,
		"psa": 20,
		"music week": 5,
		"arsenal football club plc": 5,
		"sanofi": 41,
		"chelsea football club": 12,
		"bmw": 35,
		"ford": 47,
		"raytheon uk": 5,
		"nada data": 5,
		"textron": 5,
		"willys-overland motor co.": 15,
		"royal canadian navy": 6,
		"aston martin": 7,
		"royal air force": 20,
		"crain communications inc.": 5,
		"boeing": 26,
		"pfizer": 41,
		"strategic defence and security review": 5,
		"federal chamber of automotive industries": 7
	},
	"phrases": {
		"technology": 7,
		"professionals": 6,
		"merck": 5,
		"football": 80,
		"more": 6,
		"coverage": 17,
		"wardsauto": 11,
		"range": 16,
		"fiat": 5,
		"archives": 14,
		"album": 6,
		"deal": 5,
		"insights": 8,
		"energy": 40,
		"intelligence": 9,
		"country": 10,
		"audi": 5,
		"f-35": 8,
		"sustainability": 17,
		"wine": 5,
		"c4isr": 5,
		"security": 14,
		"rock": 6,
		"membership": 9,
		"review": 33,
		"blogs": 7,
		"pages": 5,
		"quarterly": 10,
		"news": 9,
		"arsenal.com": 6,
		"2015": 12,
		"flight": 5,
		"services": 5,
		"europe": 34,
		"executive": 5,
		"project": 5,
		"aston": 5,
		"fda": 10,
		"shareholders": 15,
		"arsenal": 13,
		"regional": 12,
		"ultimate": 5,
		"chrysler": 7,
		"used": 7,
		"results": 24,
		"for": 46,
		"industry": 5,
		"careers": 5,
		"gas": 23,
		"headlines:": 5,
		"sport": 40,
		"chelsea": 81,
		"holden": 5,
		"kerrang!": 5,
		"buy": 16,
		"center": 8,
		"show": 22,
		"upstream": 5,
		"weapons": 7,
		"auto": 29,
		"make": 6,
		"defence": 47,
		"motor": 40,
		"oil,": 5,
		"mini": 5,
		"music": 36,
		"mazda": 5,
		"field": 6,
		"think": 10,
		"investor": 7,
		"offshore": 5,
		"navy": 7,
		"360": 5,
		"reporting": 14,
		"week": 20,
		"statistical": 32,
		"photo": 20,
		"cutaways": 6,
		"tickets": 10,
		"club": 79,
		"missions": 5,
		"jane's": 11,
		"mod": 6,
		"gallery": 13,
		"nuclear": 5,
		"type": 5,
		"tesco": 15,
		"webcast": 11,
		"headlines": 17,
		"goauto": 8,
		"ihs": 10,
		"car": 31,
		"career": 7,
		"ladies": 5,
		"forces": 5,
		"oil": 33,
		"drunkenwerewolf": 16,
		"mobile": 5,
		"automotive": 314,
		"functional": 5,
		"single": 6,
		"farnborough": 20,
		"information": 15,
		"eurosatory": 5,
		"board": 5,
		"redirects": 5,
		"introducing": 5,
		"songs": 8,
		"issues": 6,
		"fiercepharma": 8,
		"defense": 19,
		"global": 14,
		"research": 5,
		"our": 22,
		"accessories": 8,
		"team": 5,
		"page": 7,
		"brands": 5,
		"aircraft": 6,
		"2016": 5,
		"2016:": 16,
		"jeep": 7,
		"latest": 6,
		"best": 5,
		"bmw": 5,
		"ford": 5,
		"martin": 5,
		"clothing": 8,
		"galleries": 7,
		"presentations": 5,
		"tesla": 5,
		"sales": 8,
		"systems": 10,
		"nada": 5,
		"cars": 11,
		"world": 32,
		"journal": 8,
		"offers": 5,
		"popjustice": 9,
		"air": 9
	},
	"locations": {
		"UK": 11,
		"Africa": 9,
		"Ireland": 5,
		"Glastonbury": 8,
		"Baghdad": 5,
		"Japan": 8,
		"Nigeria": 5,
		"Korea": 5,
		"Manchester": 10,
		"Iran": 5,
		"London": 5,
		"Vienna": 5,
		"Dublin": 5,
		"Germany": 8,
		"US": 5,
		"Stamford": 5,
		"Pacific": 5,
		"Chelsea": 10,
		"Changzhou": 5,
		"Israel": 5
	}
}