[
  {
    "id": "Board Of Supervisors",
    "name": "Board Of Supervisors",
    "group": 2,
    "value": 6
  },
  {
    "id": "Mayor Office Of The",
    "name": "Mayor Office Of The",
    "group": 2,
    "value": 6
  },
  {
    "id": "Municipal Transportation Agency",
    "name": "Municipal Transportation Agency",
    "group": 2,
    "value": 3
  },
  {
    "id": "Planning, Department Of",
    "name": "Planning, Department Of",
    "group": 2,
    "value": 3
  },
  {
    "id": "Economic And Workforce Development, Office Of",
    "name": "Economic And Workforce Development, Office Of",
    "group": 2,
    "value": 2
  },
  {
    "id": "General Services Agency",
    "name": "General Services Agency",
    "group": 2,
    "value": 1
  }
]