{
  "Board Of Supervisors": {
    "id": "Board Of Supervisors",
    "name": "Board Of Supervisors",
    "group": 2,
    "value": 6
  },
  "Mayor Office Of The": {
    "id": "Mayor Office Of The",
    "name": "Mayor Office Of The",
    "group": 2,
    "value": 6
  },
  "Economic And Workforce Development, Office Of": {
    "id": "Economic And Workforce Development, Office Of",
    "name": "Economic And Workforce Development, Office Of",
    "group": 2,
    "value": 2
  },
  "Municipal Transportation Agency": {
    "id": "Municipal Transportation Agency",
    "name": "Municipal Transportation Agency",
    "group": 2,
    "value": 3
  },
  "Planning, Department Of": {
    "id": "Planning, Department Of",
    "name": "Planning, Department Of",
    "group": 2,
    "value": 3
  },
  "General Services Agency": {
    "id": "General Services Agency",
    "name": "General Services Agency",
    "group": 2,
    "value": 1
  }
}