[
  {
    "id": "San Francisco Chamber Of Commerce",
    "name": "San Francisco Chamber Of Commerce",
    "group": 1,
    "value": 30
  },
  {
    "id": "Committee On Jobs",
    "name": "Committee On Jobs",
    "group": 1,
    "value": 10
  },
  {
    "id": "Pacific Gas And Electric Company",
    "name": "Pacific Gas And Electric Company",
    "group": 1,
    "value": 15
  },
  {
    "id": "San Francisco Association Of Realtors",
    "name": "San Francisco Association Of Realtors",
    "group": 1,
    "value": 3
  },
  {
    "id": "Bergdavis Public Affairs",
    "name": "Bergdavis Public Affairs",
    "group": 1,
    "value": 7
  },
  {
    "id": "Baybio",
    "name": "Baybio",
    "group": 1,
    "value": 2
  }
]