{
  "San Francisco Chamber Of Commerce": {
    "id": "San Francisco Chamber Of Commerce",
    "name": "San Francisco Chamber Of Commerce",
    "group": 1,
    "value": 19
  },
  "Committee On Jobs": {
    "id": "Committee On Jobs",
    "name": "Committee On Jobs",
    "group": 1,
    "value": 10
  },
  "Pacific Gas And Electric Company": {
    "id": "Pacific Gas And Electric Company",
    "name": "Pacific Gas And Electric Company",
    "group": 1,
    "value": 15
  },
  "San Francisco Association Of Realtors": {
    "id": "San Francisco Association Of Realtors",
    "name": "San Francisco Association Of Realtors",
    "group": 1,
    "value": 4
  },
  "Bergdavis Public Affairs": {
    "id": "Bergdavis Public Affairs",
    "name": "Bergdavis Public Affairs",
    "group": 1,
    "value": 7
  },
  "Baybio": {
    "id": "Baybio",
    "name": "Baybio",
    "group": 1,
    "value": 4
  }
}