{
  "Board Of Supervisors": [
    {
      "id": "Board Of Supervisors_San Francisco Chamber Of Commerce",
      "arcId": "Board Of Supervisors",
      "bubbleId": "San Francisco Chamber Of Commerce"
    },
    {
      "id": "Board Of Supervisors_Committee On Jobs",
      "arcId": "Board Of Supervisors",
      "bubbleId": "Committee On Jobs"
    },
    {
      "id": "Board Of Supervisors_Pacific Gas And Electric Company",
      "arcId": "Board Of Supervisors",
      "bubbleId": "Pacific Gas And Electric Company"
    },
    {
      "id": "Board Of Supervisors_San Francisco Association Of Realtors",
      "arcId": "Board Of Supervisors",
      "bubbleId": "San Francisco Association Of Realtors"
    },
    {
      "id": "Board Of Supervisors_Bergdavis Public Affairs",
      "arcId": "Board Of Supervisors",
      "bubbleId": "Bergdavis Public Affairs"
    },
    {
      "id": "Board Of Supervisors_Baybio",
      "arcId": "Board Of Supervisors",
      "bubbleId": "Baybio"
    }
  ],
  "Mayor Office Of The": [
    {
      "id": "Mayor Office Of The_San Francisco Chamber Of Commerce",
      "arcId": "Mayor Office Of The",
      "bubbleId": "San Francisco Chamber Of Commerce"
    },
    {
      "id": "Mayor Office Of The_Committee On Jobs",
      "arcId": "Mayor Office Of The",
      "bubbleId": "Committee On Jobs"
    },
    {
      "id": "Mayor Office Of The_Pacific Gas And Electric Company",
      "arcId": "Mayor Office Of The",
      "bubbleId": "Pacific Gas And Electric Company"
    },
    {
      "id": "Mayor Office Of The_San Francisco Association Of Realtors",
      "arcId": "Mayor Office Of The",
      "bubbleId": "San Francisco Association Of Realtors"
    },
    {
      "id": "Mayor Office Of The_Bergdavis Public Affairs",
      "arcId": "Mayor Office Of The",
      "bubbleId": "Bergdavis Public Affairs"
    },
    {
      "id": "Mayor Office Of The_Baybio",
      "arcId": "Mayor Office Of The",
      "bubbleId": "Baybio"
    }
  ],
  "Economic And Workforce Development, Office Of": [
    {
      "id": "Economic And Workforce Development, Office Of_San Francisco Chamber Of Commerce",
      "arcId": "Economic And Workforce Development, Office Of",
      "bubbleId": "San Francisco Chamber Of Commerce"
    },
    {
      "id": "Economic And Workforce Development, Office Of_Committee On Jobs",
      "arcId": "Economic And Workforce Development, Office Of",
      "bubbleId": "Committee On Jobs"
    }
  ],
  "Municipal Transportation Agency": [
    {
      "id": "Municipal Transportation Agency_San Francisco Chamber Of Commerce",
      "arcId": "Municipal Transportation Agency",
      "bubbleId": "San Francisco Chamber Of Commerce"
    },
    {
      "id": "Municipal Transportation Agency_Committee On Jobs",
      "arcId": "Municipal Transportation Agency",
      "bubbleId": "Committee On Jobs"
    },
    {
      "id": "Municipal Transportation Agency_Pacific Gas And Electric Company",
      "arcId": "Municipal Transportation Agency",
      "bubbleId": "Pacific Gas And Electric Company"
    }
  ],
  "Planning, Department Of": [
    {
      "id": "Planning, Department Of_San Francisco Chamber Of Commerce",
      "arcId": "Planning, Department Of",
      "bubbleId": "San Francisco Chamber Of Commerce"
    },
    {
      "id": "Planning, Department Of_Pacific Gas And Electric Company",
      "arcId": "Planning, Department Of",
      "bubbleId": "Pacific Gas And Electric Company"
    },
    {
      "id": "Planning, Department Of_Bergdavis Public Affairs",
      "arcId": "Planning, Department Of",
      "bubbleId": "Bergdavis Public Affairs"
    }
  ],
  "General Services Agency": [
    {
      "id": "General Services Agency_San Francisco Chamber Of Commerce",
      "arcId": "General Services Agency",
      "bubbleId": "San Francisco Chamber Of Commerce"
    }
  ]
}