[{
    "Date": "2011-08-01",
    "Open": "136.65",
    "High": "136.96",
    "Low": "134.15",
    "Close": "136.49",
    "Volume": "37617413"
  }, {
    "Date": "2011-08-02",
    "Open": "135.26",
    "High": "135.95",
    "Low": "131.50",
    "Close": "131.85",
    "Volume": "42442096"
  }, {
    "Date": "2011-08-05",
    "Open": "132.90",
    "High": "135.27",
    "Low": "128.30",
    "Close": "135.25",
    "Volume": "47352368"
  }, {
    "Date": "2011-08-06",
    "Open": "134.94",
    "High": "137.24",
    "Low": "132.63",
    "Close": "135.03",
    "Volume": "36513991"
  }, {
    "Date": "2011-08-07",
    "Open": "136.76",
    "High": "136.86",
    "Low": "132.00",
    "Close": "134.01",
    "Volume": "32216707"
  }, {
    "Date": "2011-08-08",
    "Open": "131.11",
    "High": "133.00",
    "Low": "125.09",
    "Close": "126.39",
    "Volume": "35995537"
  }, {
    "Date": "2011-08-09",
    "Open": "123.12",
    "High": "127.75",
    "Low": "120.30",
    "Close": "125.00",
    "Volume": "45283577"
  }, {
    "Date": "2011-08-12",
    "Open": "128.32",
    "High": "129.35",
    "Low": "126.50",
    "Close": "127.79",
    "Volume": "42699670"
  }, {
    "Date": "2011-08-13",
    "Open": "128.29",
    "High": "128.30",
    "Low": "123.71",
    "Close": "124.03",
    "Volume": "47795088"
  }, {
    "Date": "2011-08-14",
    "Open": "122.74",
    "High": "124.86",
    "Low": "119.65",
    "Close": "119.90",
    "Volume": "55681663"
  }, {
    "Date": "2011-08-15",
    "Open": "117.01",
    "High": "118.50",
    "Low": "111.62",
    "Close": "117.05",
    "Volume": "38293993"
  }, {
    "Date": "2011-08-16",
    "Open": "122.01",
    "High": "123.50",
    "Low": "119.82",
    "Close": "122.06",
    "Volume": "54200116"
  }, {
    "Date": "2011-08-19",
    "Open": "123.96",
    "High": "124.50",
    "Low": "120.50",
    "Close": "122.22",
    "Volume": "58991505"
  }, {
    "Date": "2011-08-20",
    "Open": "122.21",
    "High": "128.96",
    "Low": "121.00",
    "Close": "127.57",
    "Volume": "53931469"
  }, {
    "Date": "2011-08-21",
    "Open": "131.22",
    "High": "132.75",
    "Low": "130.33",
    "Close": "132.51",
    "Volume": "43033925"
  }, {
    "Date": "2011-08-22",
    "Open": "133.09",
    "High": "133.34",
    "Low": "129.76",
    "Close": "131.07",
    "Volume": "47933075"
  }, {
    "Date": "2011-08-23",
    "Open": "130.53",
    "High": "135.37",
    "Low": "129.81",
    "Close": "135.30",
    "Volume": "56813940"
  }, {
    "Date": "2011-08-26",
    "Open": "133.39",
    "High": "134.66",
    "Low": "132.10",
    "Close": "132.25",
    "Volume": "47428583"
  }, {
    "Date": "2011-08-27",
    "Open": "130.99",
    "High": "132.41",
    "Low": "126.63",
    "Close": "126.82",
    "Volume": "48525476"
  }, {
    "Date": "2011-08-28",
    "Open": "129.88",
    "High": "134.18",
    "Low": "129.54",
    "Close": "134.08",
    "Volume": "48575487"
  }, {
    "Date": "2011-08-29",
    "Open": "132.67",
    "High": "138.25",
    "Low": "132.30",
    "Close": "136.25",
    "Volume": "52583858"
  }, {
    "Date": "2011-08-30",
    "Open": "139.49",
    "High": "139.65",
    "Low": "137.41",
    "Close": "138.48",
    "Volume": "61251053"
  }, {
    "Date": "2011-09-03",
    "Open": "139.94",
    "High": "145.73",
    "Low": "139.84",
    "Close": "144.16",
    "Volume": "78587247"
  }, {
    "Date": "2011-09-04",
    "Open": "144.97",
    "High": "145.84",
    "Low": "136.10",
    "Close": "136.76",
    "Volume": "55900809"
  }, {
    "Date": "2011-09-05",
    "Open": "135.56",
    "High": "137.57",
    "Low": "132.71",
    "Close": "135.01",
    "Volume": "46057411"
  }, {
    "Date": "2011-09-06",
    "Open": "132.01",
    "High": "132.30",
    "Low": "130.00",
    "Close": "131.77",
    "Volume": "54189197"
  }, {
    "Date": "2011-09-09",
    "Open": "136.99",
    "High": "138.04",
    "Low": "133.95",
    "Close": "136.71",
    "Volume": "82428606"
  }, {
    "Date": "2011-09-10",
    "Open": "137.90",
    "High": "138.30",
    "Low": "133.75",
    "Close": "135.49",
    "Volume": "76093004"
  }, {
    "Date": "2011-09-11",
    "Open": "135.99",
    "High": "139.40",
    "Low": "135.75",
    "Close": "136.85",
    "Volume": "75557202"
  }, {
    "Date": "2011-09-12",
    "Open": "138.83",
    "High": "139.00",
    "Low": "136.65",
    "Close": "137.20",
    "Volume": "107757756"
  }, {
    "Date": "2011-09-13",
    "Open": "136.57",
    "High": "138.98",
    "Low": "136.20",
    "Close": "138.81",
    "Volume": "92501529"
  }, {
    "Date": "2011-09-16",
    "Open": "138.99",
    "High": "140.59",
    "Low": "137.60",
    "Close": "138.41",
    "Volume": "138769345"
  }, {
    "Date": "2011-09-17",
    "Open": "139.06",
    "High": "142.85",
    "Low": "137.83",
    "Close": "140.92",
    "Volume": "96564750"
  }, {
    "Date": "2011-09-18",
    "Open": "143.02",
    "High": "143.16",
    "Low": "139.40",
    "Close": "140.77",
    "Volume": "60631312"
  }, {
    "Date": "2011-09-19",
    "Open": "140.15",
    "High": "141.79",
    "Low": "139.32",
    "Close": "140.31",
    "Volume": "60363619"
  }, {
    "Date": "2011-09-20",
    "Open": "141.14",
    "High": "144.65",
    "Low": "140.31",
    "Close": "144.15",
    "Volume": "88040346"
  }, {
    "Date": "2011-09-23",
    "Open": "146.73",
    "High": "149.85",
    "Low": "146.65",
    "Close": "148.28",
    "Volume": "78773521"
  }, {
    "Date": "2011-09-24",
    "Open": "146.84",
    "High": "153.22",
    "Low": "146.82",
    "Close": "153.18",
    "Volume": "108622706"
  }, {
    "Date": "2011-09-25",
    "Open": "154.47",
    "High": "155.00",
    "Low": "151.25",
    "Close": "152.77",
    "Volume": "72324603"
  }, {
    "Date": "2011-09-26",
    "Open": "153.77",
    "High": "154.52",
    "Low": "152.32",
    "Close": "154.50",
    "Volume": "91451960"
  }, {
    "Date": "2011-09-27",
    "Open": "153.44",
    "High": "154.60",
    "Low": "152.75",
    "Close": "153.47",
    "Volume": "114987616"
  }, {
    "Date": "2011-09-30",
    "Open": "154.63",
    "High": "157.41",
    "Low": "152.93",
    "Close": "156.34",
    "Volume": "100215307"
  }, {
    "Date": "2011-10-01",
    "Open": "156.55",
    "High": "158.59",
    "Low": "155.89",
    "Close": "158.45",
    "Volume": "78835935"
  }, {
    "Date": "2011-10-02",
    "Open": "157.78",
    "High": "159.18",
    "Low": "157.01",
    "Close": "157.92",
    "Volume": "108487569"
  }, {
    "Date": "2011-10-03",
    "Open": "158.00",
    "High": "158.08",
    "Low": "153.50",
    "Close": "156.24",
    "Volume": "125465774"
  }, {
    "Date": "2011-10-04",
    "Open": "158.37",
    "High": "161.58",
    "Low": "157.70",
    "Close": "161.45",
    "Volume": "83859330"
  }, {
    "Date": "2011-10-07",
    "Open": "163.49",
    "High": "167.91",
    "Low": "162.97",
    "Close": "167.91",
    "Volume": "66276613"
  }, {
    "Date": "2011-10-08",
    "Open": "170.20",
    "High": "171.11",
    "Low": "166.68",
    "Close": "167.86",
    "Volume": "59291210"
  }, {
    "Date": "2011-10-09",
    "Open": "167.55",
    "High": "167.88",
    "Low": "165.60",
    "Close": "166.79",
    "Volume": "53011205"
  }, {
    "Date": "2011-10-10",
    "Open": "169.49",
    "High": "171.88",
    "Low": "153.21",
    "Close": "162.23",
    "Volume": "67051528"
  }, {
    "Date": "2011-10-11",
    "Open": "163.01",
    "High": "167.28",
    "Low": "161.80",
    "Close": "167.25",
    "Volume": "112649694"
  }, {
    "Date": "2011-10-14",
    "Open": "167.98",
    "High": "169.57",
    "Low": "163.50",
    "Close": "166.98",
    "Volume": "97689774"
  }, {
    "Date": "2011-10-15",
    "Open": "165.54",
    "High": "170.18",
    "Low": "165.15",
    "Close": "169.58",
    "Volume": "68785500"
  }, {
    "Date": "2011-10-16",
    "Open": "172.69",
    "High": "173.04",
    "Low": "169.18",
    "Close": "172.75",
    "Volume": "85695872"
  }, {
    "Date": "2011-10-17",
    "Open": "171.50",
    "High": "174.19",
    "Low": "171.05",
    "Close": "173.50",
    "Volume": "60041228"
  }, {
    "Date": "2011-10-18",
    "Open": "174.24",
    "High": "174.63",
    "Low": "170.00",
    "Close": "170.42",
    "Volume": "44438500"
  }, {
    "Date": "2011-10-21",
    "Open": "170.35",
    "High": "174.90",
    "Low": "169.96",
    "Close": "174.36",
    "Volume": "43980558"
  }, {
    "Date": "2011-10-22",
    "Open": "188.56",
    "High": "188.60",
    "Low": "182.76",
    "Close": "186.16",
    "Volume": "40827226"
  }, {
    "Date": "2011-10-23",
    "Open": "185.81",
    "High": "187.21",
    "Low": "179.24",
    "Close": "185.93",
    "Volume": "52196699"
  }, {
    "Date": "2011-10-24",
    "Open": "184.87",
    "High": "185.90",
    "Low": "181.66",
    "Close": "182.78",
    "Volume": "48226824"
  }, {
    "Date": "2011-10-25",
    "Open": "185.29",
    "High": "185.37",
    "Low": "182.88",
    "Close": "184.70",
    "Volume": "57091157"
  }, {
    "Date": "2011-10-28",
    "Open": "185.45",
    "High": "186.59",
    "Low": "184.70",
    "Close": "185.09",
    "Volume": "46400431"
  }, {
    "Date": "2011-10-29",
    "Open": "186.18",
    "High": "189.37",
    "Low": "184.73",
    "Close": "187.00",
    "Volume": "59615238"
  }, {
    "Date": "2011-10-30",
    "Open": "187.63",
    "High": "190.12",
    "Low": "184.95",
    "Close": "189.95",
    "Volume": "59949746"
  }, {
    "Date": "2011-10-31",
    "Open": "188.60",
    "High": "190.10",
    "Low": "180.00",
    "Close": "187.44",
    "Volume": "38985763"
  }, {
    "Date": "2011-11-01",
    "Open": "189.21",
    "High": "189.44",
    "Low": "183.49",
    "Close": "187.87",
    "Volume": "46126260"
  }, {
    "Date": "2011-11-04",
    "Open": "185.29",
    "High": "188.96",
    "Low": "184.24",
    "Close": "186.18",
    "Volume": "74649486"
  }, {
    "Date": "2011-11-05",
    "Open": "187.05",
    "High": "192.00",
    "Low": "185.27",
    "Close": "191.79",
    "Volume": "42164222"
  }, {
    "Date": "2011-11-06",
    "Open": "190.61",
    "High": "192.68",
    "Low": "186.13",
    "Close": "186.30",
    "Volume": "56900444"
  }, {
    "Date": "2011-11-07",
    "Open": "186.67",
    "High": "186.90",
    "Low": "167.77",
    "Close": "175.47",
    "Volume": "66900863"
  }, {
    "Date": "2011-11-08",
    "Open": "171.15",
    "High": "175.12",
    "Low": "165.21",
    "Close": "165.37",
    "Volume": "41695855"
  }, {
    "Date": "2011-11-11",
    "Open": "165.28",
    "High": "167.70",
    "Low": "150.63",
    "Close": "153.76",
    "Volume": "55400399"
  }, {
    "Date": "2011-11-12",
    "Open": "160.85",
    "High": "170.98",
    "Low": "153.76",
    "Close": "169.96",
    "Volume": "52189031"
  }, {
    "Date": "2011-11-13",
    "Open": "177.16",
    "High": "177.57",
    "Low": "163.74",
    "Close": "166.11",
    "Volume": "76951946"
  }, {
    "Date": "2011-11-14",
    "Open": "166.39",
    "High": "169.59",
    "Low": "160.30",
    "Close": "164.30",
    "Volume": "70991892"
  }, {
    "Date": "2011-11-15",
    "Open": "165.30",
    "High": "167.02",
    "Low": "159.33",
    "Close": "166.39",
    "Volume": "131043748"
  }, {
    "Date": "2011-11-18",
    "Open": "166.10",
    "High": "168.20",
    "Low": "162.10",
    "Close": "163.95",
    "Volume": "64258631"
  }, {
    "Date": "2011-11-19",
    "Open": "165.67",
    "High": "171.79",
    "Low": "163.53",
    "Close": "168.85",
    "Volume": "43862297"
  }, {
    "Date": "2011-11-20",
    "Open": "165.84",
    "High": "172.35",
    "Low": "164.67",
    "Close": "168.46",
    "Volume": "36786427"
  }, {
    "Date": "2011-11-22",
    "Open": "172.00",
    "High": "172.05",
    "Low": "169.75",
    "Close": "171.54",
    "Volume": "62013396"
  }, {
    "Date": "2011-11-25",
    "Open": "173.59",
    "High": "177.27",
    "Low": "172.35",
    "Close": "172.54",
    "Volume": "47409857"
  }, {
    "Date": "2011-11-26",
    "Open": "175.22",
    "High": "175.79",
    "Low": "170.01",
    "Close": "174.81",
    "Volume": "45746832"
  }, {
    "Date": "2011-11-27",
    "Open": "176.82",
    "High": "180.60",
    "Low": "175.35",
    "Close": "180.22",
    "Volume": "43736562"
  }, {
    "Date": "2011-11-28",
    "Open": "179.43",
    "High": "185.17",
    "Low": "179.15",
    "Close": "184.29",
    "Volume": "60835746"
  }, {
    "Date": "2011-11-29",
    "Open": "187.34",
    "High": "187.70",
    "Low": "179.70",
    "Close": "182.22",
    "Volume": "42153754"
  }, {
    "Date": "2011-12-02",
    "Open": "181.86",
    "High": "184.14",
    "Low": "177.70",
    "Close": "178.86",
    "Volume": "37617413"
  }, {
    "Date": "2011-12-03",
    "Open": "177.15",
    "High": "180.90",
    "Low": "176.99",
    "Close": "179.81",
    "Volume": "37617413"
  }, {
    "Date": "2011-12-04",
    "Open": "182.89",
    "High": "186.00",
    "Low": "182.41",
    "Close": "185.50",
    "Volume": "75105994"
  }, {
    "Date": "2011-12-05",
    "Open": "186.19",
    "High": "190.10",
    "Low": "186.12",
    "Close": "189.95",
    "Volume": "87930298"
  }, {
    "Date": "2011-12-06",
    "Open": "190.54",
    "High": "194.99",
    "Low": "188.04",
    "Close": "194.30",
    "Volume": "150438699"
  }, {
    "Date": "2011-12-09",
    "Open": "193.59",
    "High": "195.66",
    "Low": "192.69",
    "Close": "194.21",
    "Volume": "98089932"
  }, {
    "Date": "2011-12-10",
    "Open": "194.75",
    "High": "196.83",
    "Low": "187.39",
    "Close": "188.54",
    "Volume": "48364998"
  }, {
    "Date": "2011-12-11",
    "Open": "193.44",
    "High": "194.48",
    "Low": "185.76",
    "Close": "190.86",
    "Volume": "74142331"
  }, {
    "Date": "2011-12-12",
    "Open": "190.19",
    "High": "192.12",
    "Low": "187.82",
    "Close": "191.83",
    "Volume": "55545338"
  }, {
    "Date": "2011-12-13",
    "Open": "190.37",
    "High": "193.20",
    "Low": "189.54",
    "Close": "190.39",
    "Volume": "47996403"
  }, {
    "Date": "2011-12-16",
    "Open": "190.72",
    "High": "192.65",
    "Low": "182.98",
    "Close": "184.40",
    "Volume": "61495880"
  }, {
    "Date": "2011-12-17",
    "Open": "186.52",
    "High": "187.33",
    "Low": "178.60",
    "Close": "182.98",
    "Volume": "48734147"
  }, {
    "Date": "2011-12-18",
    "Open": "182.98",
    "High": "184.64",
    "Low": "180.90",
    "Close": "183.12",
    "Volume": "40883205"
  }, {
    "Date": "2011-12-19",
    "Open": "185.43",
    "High": "187.83",
    "Low": "183.33",
    "Close": "187.21",
    "Volume": "34599775"
  }, {
    "Date": "2011-12-20",
    "Open": "190.12",
    "High": "193.91",
    "Low": "189.89",
    "Close": "193.91",
    "Volume": "33730619"
  }, {
    "Date": "2011-12-23",
    "Open": "195.03",
    "High": "199.33",
    "Low": "194.79",
    "Close": "198.80",
    "Volume": "37590987"
  }, {
    "Date": "2011-12-25",
    "Open": "199.01",
    "High": "200.96",
    "Low": "196.82",
    "Close": "198.95",
    "Volume": "63106519"
  }, {
    "Date": "2011-12-26",
    "Open": "198.95",
    "High": "202.96",
    "Low": "197.80",
    "Close": "198.57",
    "Volume": "42529258"
  }, {
    "Date": "2011-12-27",
    "Open": "200.59",
    "High": "201.56",
    "Low": "196.88",
    "Close": "199.83",
    "Volume": "92349222"
  }, {
    "Date": "2011-12-30",
    "Open": "199.50",
    "High": "200.50",
    "Low": "197.75",
    "Close": "198.08",
    "Volume": "56800776"
  }, {
    "Date": "2012-01-01",
    "Open": "199.27",
    "High": "200.26",
    "Low": "192.55",
    "Close": "194.84",
    "Volume": "77329009"
  }, {
    "Date": "2012-01-02",
    "Open": "195.41",
    "High": "197.39",
    "Low": "192.69",
    "Close": "194.93",
    "Volume": "68974359"
  }, {
    "Date": "2012-01-03",
    "Open": "191.45",
    "High": "193.00",
    "Low": "178.89",
    "Close": "180.05",
    "Volume": "38287706"
  }, {
    "Date": "2012-01-06",
    "Open": "181.25",
    "High": "183.60",
    "Low": "170.23",
    "Close": "177.64",
    "Volume": "43257622"
  }, {
    "Date": "2012-01-07",
    "Open": "180.14",
    "High": "182.46",
    "Low": "170.80",
    "Close": "171.25",
    "Volume": "43152127"
  }, {
    "Date": "2012-01-08",
    "Open": "171.30",
    "High": "179.50",
    "Low": "168.30",
    "Close": "179.40",
    "Volume": "68307317"
  }, {
    "Date": "2012-01-09",
    "Open": "177.58",
    "High": "181.00",
    "Low": "175.41",
    "Close": "178.02",
    "Volume": "60465751"
  }, {
    "Date": "2012-01-10",
    "Open": "176.00",
    "High": "177.85",
    "Low": "170.00",
    "Close": "172.69",
    "Volume": "55101367"
  }, {
    "Date": "2012-01-13",
    "Open": "177.52",
    "High": "179.42",
    "Low": "175.17",
    "Close": "178.78",
    "Volume": "46617754"
  }, {
    "Date": "2012-01-14",
    "Open": "177.72",
    "High": "179.22",
    "Low": "164.66",
    "Close": "169.04",
    "Volume": "98296983"
  }, {
    "Date": "2012-01-15",
    "Open": "165.23",
    "High": "169.01",
    "Low": "156.70",
    "Close": "159.64",
    "Volume": "239823912"
  }, {
    "Date": "2012-01-16",
    "Open": "161.51",
    "High": "165.36",
    "Low": "158.42",
    "Close": "160.89",
    "Volume": "89825393"
  }, {
    "Date": "2012-01-17",
    "Open": "161.71",
    "High": "165.75",
    "Low": "159.61",
    "Close": "161.36",
    "Volume": "76003479"
  }, {
    "Date": "2012-01-21",
    "Open": "148.06",
    "High": "159.98",
    "Low": "146.00",
    "Close": "155.64",
    "Volume": "78751463"
  }, {
    "Date": "2012-01-22",
    "Open": "136.19",
    "High": "140.00",
    "Low": "126.14",
    "Close": "139.07",
    "Volume": "85118518"
  }, {
    "Date": "2012-01-23",
    "Open": "139.99",
    "High": "140.70",
    "Low": "132.01",
    "Close": "135.60",
    "Volume": "82640992"
  }, {
    "Date": "2012-01-24",
    "Open": "138.99",
    "High": "139.09",
    "Low": "129.61",
    "Close": "130.01",
    "Volume": "92723034"
  }, {
    "Date": "2012-01-27",
    "Open": "128.16",
    "High": "133.20",
    "Low": "126.45",
    "Close": "130.01",
    "Volume": "65776366"
  }, {
    "Date": "2012-01-28",
    "Open": "131.15",
    "High": "132.79",
    "Low": "129.05",
    "Close": "131.54",
    "Volume": "68478561"
  }, {
    "Date": "2012-01-29",
    "Open": "131.37",
    "High": "135.45",
    "Low": "130.00",
    "Close": "132.18",
    "Volume": "36055891"
  }, {
    "Date": "2012-01-30",
    "Open": "129.45",
    "High": "136.65",
    "Low": "129.40",
    "Close": "135.36",
    "Volume": "42937659"
  }, {
    "Date": "2012-01-31",
    "Open": "136.24",
    "High": "136.59",
    "Low": "132.18",
    "Close": "133.75",
    "Volume": "43855036"
  }, {
    "Date": "2012-02-03",
    "Open": "134.21",
    "High": "135.90",
    "Low": "131.42",
    "Close": "131.65",
    "Volume": "60890176"
  }, {
    "Date": "2012-02-04",
    "Open": "130.43",
    "High": "134.00",
    "Low": "128.90",
    "Close": "129.36",
    "Volume": "32085905"
  }, {
    "Date": "2012-02-05",
    "Open": "130.83",
    "High": "131.92",
    "Low": "121.77",
    "Close": "122.00",
    "Volume": "50773647"
  }, {
    "Date": "2012-02-06",
    "Open": "119.97",
    "High": "124.78",
    "Low": "117.27",
    "Close": "121.24",
    "Volume": "22953916"
  }, {
    "Date": "2012-02-07",
    "Open": "122.08",
    "High": "125.70",
    "Low": "121.60",
    "Close": "125.48",
    "Volume": "44993195"
  }, {
    "Date": "2012-02-10",
    "Open": "128.01",
    "High": "129.98",
    "Low": "127.20",
    "Close": "129.45",
    "Volume": "82016490"
  }, {
    "Date": "2012-02-11",
    "Open": "130.70",
    "High": "131.00",
    "Low": "123.62",
    "Close": "124.86",
    "Volume": "82565324"
  }, {
    "Date": "2012-02-12",
    "Open": "126.68",
    "High": "129.78",
    "Low": "125.63",
    "Close": "129.40",
    "Volume": "40545375"
  }]