[{
    "label": "AA",
    "value": 0.4,
    "children": [{
      "name": "some text aa",
      "group": "AA",
      "size": 120
    },{
      "name": "some text aa ",
      "group": "AA",
      "size": 200
    },{
      "name": "some text aa ",
      "group": "AA",
      "size": 100
    },{
      "name": "some text aa ",
      "group": "AA",
      "size": 20
    },{
      "name": "some text aa ",
      "group": "AA",
      "size": 150
    },{
      "name": "some text aa ",
      "group": "AA",
      "size": 260
    },{
      "name": "some text aa ",
      "group": "AA",
      "size": 230
    },{
      "name": "some text aa ",
      "group": "AA",
      "size": 120
    },{
      "name": "some text aa ",
      "group": "AA",
      "size": 300
    },{
      "name": "some text aa ",
      "group": "AA",
      "size": 230
    },{
      "name": "some text aa ",
      "group": "AA",
      "size": 10
    },{
      "name": "some text aa ",
      "group": "AA",
      "size": 20
    },{
      "name": "some text aa ",
      "group": "AA",
      "size": 90
    },{
      "name": "some text aa ",
      "group": "AA",
      "size": 310
    }]
  }, {
    "label": "BB",
    "value": 0.6,
    "children": [{
      "name": "some text bb",
      "group": "BB",
      "size": 100
    },{
      "name": "some text bb",
      "group": "BB",
      "size": 250
    },{
      "name": "some text bb",
      "group": "BB",
      "size": 444
    },{
      "name": "some text bb",
      "group": "BB",
      "size": 333
    },{
      "name": "some text bb",
      "group": "BB",
      "size": 123
    },{
      "name": "some text bb",
      "group": "BB",
      "size": 340
    },{
      "name": "some text bb",
      "group": "BB",
      "size": 500
    },{
      "name": "some text bb",
      "group": "BB",
      "size": 210
    },{
      "name": "some text bb",
      "group": "BB",
      "size": 190
    },{
      "name": "some text bb",
      "group": "BB",
      "size": 130
    },{
      "name": "some text bb",
      "group": "BB",
      "size": 200
    },{
      "name": "some text bb",
      "group": "BB",
      "size": 39
    },{
      "name": "some text bb",
      "group": "BB",
      "size": 10
    }]
  }, {
    "label": "DD",
    "value": 0.8,
    "children": [{
      "name": "some text dd",
      "group": "DD",
      "size": 29
    }, {
      "name": "some text dd",
      "group": "DD",
      "size": 200
    }, {
      "name": "some text dd",
      "group": "DD",
      "size": 367
    }, {
      "name": "some text dd",
      "group": "DD",
      "size": 392
    }, {
      "name": "some text dd",
      "group": "DD",
      "size": 384
    }, {
      "name": "some text dd",
      "group": "DD",
      "size": 500
    }, {
      "name": "some text dd",
      "group": "DD",
      "size": 700
    }, {
      "name": "some text dd",
      "group": "DD",
      "size": 289
    }, {
      "name": "some text dd",
      "group": "DD",
      "size": 20
    }, {
      "name": "some text dd",
      "group": "DD",
      "size": 300
    }, {
      "name": "some text dd",
      "group": "DD",
      "size": 790
    }, {
      "name": "some text dd",
      "group": "DD",
      "size": 150
    }, {
      "name": "some text dd",
      "group": "DD",
      "size": 390
    }, {
      "name": "some text dd",
      "group": "DD",
      "size": 500
    }, {
      "name": "some text dd",
      "group": "DD",
      "size": 290
    }, {
      "name": "some text dd",
      "group": "DD",
      "size": 10
    }, {
      "name": "some text dd",
      "group": "DD",
      "size": 220
    }, {
      "name": "some text dd",
      "group": "DD",
      "size": 289
    }, {
      "name": "some text dd",
      "group": "DD",
      "size": 10
    }, {
      "name": "some text dd",
      "group": "DD",
      "size": 100
    }, {
      "name": "some text dd",
      "group": "DD",
      "size": 250
    }, {
      "name": "some text dd",
      "group": "DD",
      "size": 40
    }, {
      "name": "some text dd",
      "group": "DD",
      "size": 300
    }, {
      "name": "some text dd",
      "group": "DD",
      "size": 30
    }]
  }]