{
    "name": "Bank",
    "children": [
        {
            "name": "Account",
            "children": [
                {
                    "name": "Account Holder",
                    "children": [
                        {
                            "name": "Affidavit",
                            "size": 3938
                        },
                        {
                            "name": "Annual Percentage Rate",
                            "size": 743
                        }
                    ]
                }
            ]
        },
        {
            "name": "Bankrupt",
            "children": [
                {
                    "name": "Bankruptcy",
                    "size": 17010
                },
                {
                    "name": "Beneficiary",
                    "size": 5842
                }
            ]
        },
        {
            "name": "Collective Investment Funds",
            "children": [
                {
                    "name": "Comaker",
                    "children": [
                        {
                            "name": "GraphMLConverter",
                            "size": 9800
                        },
                        {
                            "name": "IDataConverter",
                            "size": 1314
                        },
                        {
                            "name": "JSONConverter",
                            "size": 2220
                        }
                    ]
                },
                {
                    "name": "DataField",
                    "size": 1759
                },
                {
                    "name": "DataTable",
                    "size": 772
                },
                {
                    "name": "DataUtil",
                    "size": 3322
                }
            ]
        },
        {
            "name": "display",
            "children": [
                {
                    "name": "DirtySprite",
                    "size": 8833
                },
                {
                    "name": "LineSprite",
                    "size": 1732
                },
                {
                    "name": "RectSprite",
                    "size": 3623
                },
                {
                    "name": "TextSprite",
                    "size": 10066
                }
            ]
        },
        {
            "name": "flex",
            "children": [
                {
                    "name": "FlareVis",
                    "size": 4116
                }
            ]
        },
        {
            "name": "physics",
            "children": [
                {
                    "name": "DragForce",
                    "size": 1082
                },
                {
                    "name": "NBodyForce",
                    "size": 10498
                },
                {
                    "name": "Particle",
                    "size": 2822
                },
                {
                    "name": "Simulation",
                    "size": 9983
                },
                {
                    "name": "Spring",
                    "size": 2213
                },
                {
                    "name": "SpringForce",
                    "size": 1681
                }
            ]
        },
        {
            "name": "query",
            "children": [
                {
                    "name": "Fn",
                    "size": 3240
                },
                {
                    "name": "Match",
                    "size": 3748
                },
                {
                    "name": "Maximum",
                    "size": 843
                },
                {
                    "name": "methods",
                    "children": [
                        {
                            "name": "add",
                            "size": 593
                        },
                        {
                            "name": "orderby",
                            "size": 307
                        },
                        {
                            "name": "range",
                            "size": 772
                        },
                        {
                            "name": "select",
                            "size": 296
                        },
                        {
                            "name": "stddev",
                            "size": 363
                        },
                        {
                            "name": "sub",
                            "size": 600
                        },
                        {
                            "name": "sum",
                            "size": 280
                        },
                        {
                            "name": "update",
                            "size": 307
                        },
                        {
                            "name": "variance",
                            "size": 335
                        },
                        {
                            "name": "where",
                            "size": 299
                        },
                        {
                            "name": "xor",
                            "size": 354
                        },
                        {
                            "name": "_",
                            "size": 264
                        }
                    ]
                },
                {
                    "name": "Query",
                    "size": 13896
                },
                {
                    "name": "Range",
                    "size": 1594
                },
                {
                    "name": "StringUtil",
                    "size": 4130
                },
                {
                    "name": "Xor",
                    "size": 1101
                }
            ]
        },
        {
            "name": "scale",
            "children": [
                {
                    "name": "IScaleMap",
                    "size": 2105
                },
                {
                    "name": "LinearScale",
                    "size": 1316
                },
                {
                    "name": "LogScale",
                    "size": 3151
                },
                {
                    "name": "Scale",
                    "size": 4268
                },
                {
                    "name": "ScaleType",
                    "size": 1821
                },
                {
                    "name": "TimeScale",
                    "size": 5833
                }
            ]
        },
        {
            "name": "util",
            "children": [
                {
                    "name": "Arrays",
                    "size": 8258
                },
                {
                    "name": "Filter",
                    "size": 2324
                },
                {
                    "name": "heap",
                    "children": [
                        {
                            "name": "FibonacciHeap",
                            "size": 9354
                        },
                        {
                            "name": "HeapNode",
                            "size": 1233
                        }
                    ]
                },
                {
                    "name": "IEvaluable",
                    "size": 335
                },
                {
                    "name": "IPredicate",
                    "size": 383
                },
                {
                    "name": "IValueProxy",
                    "size": 874
                },
                {
                    "name": "math",
                    "children": [
                        {
                            "name": "DenseMatrix",
                            "size": 3165
                        },
                        {
                            "name": "IMatrix",
                            "size": 2815
                        },
                        {
                            "name": "SparseMatrix",
                            "size": 3366
                        }
                    ]
                },
                {
                    "name": "Maths",
                    "size": 17705
                },
                {
                    "name": "Orientation",
                    "size": 1486
                },
                {
                    "name": "Property",
                    "size": 5559
                }
            ]
        },
        {
            "name": "vis",
            "children": [
                {
                    "name": "axis",
                    "children": [
                        {
                            "name": "Axes",
                            "size": 1302
                        },
                        {
                            "name": "AxisGridLine",
                            "size": 652
                        },
                        {
                            "name": "AxisLabel",
                            "size": 636
                        },
                        {
                            "name": "CartesianAxes",
                            "size": 6703
                        }
                    ]
                },
                {
                    "name": "controls",
                    "children": [
                        {
                            "name": "ExpandControl",
                            "size": 2832
                        },
                        {
                            "name": "HoverControl",
                            "size": 4896
                        },
                        {
                            "name": "IControl",
                            "size": 763
                        },
                        {
                            "name": "PanZoomControl",
                            "size": 5222
                        },
                        {
                            "name": "SelectionControl",
                            "size": 7862
                        },
                        {
                            "name": "TooltipControl",
                            "size": 8435
                        }
                    ]
                },
                {
                    "name": "data",
                    "children": [
                        {
                            "name": "Data",
                            "size": 20544
                        },
                        {
                            "name": "DataList",
                            "size": 19788
                        },
                        {
                            "name": "NodeSprite",
                            "size": 19382
                        },
                        {
                            "name": "render",
                            "children": [
                                {
                                    "name": "ArrowType",
                                    "size": 698
                                },
                                {
                                    "name": "ShapeRenderer",
                                    "size": 2247
                                }
                            ]
                        },
                        {
                            "name": "ScaleBinding",
                            "size": 11275
                        },
                        {
                            "name": "Tree",
                            "size": 7147
                        },
                        {
                            "name": "TreeBuilder",
                            "size": 9930
                        }
                    ]
                },
                {
                    "name": "events",
                    "children": [
                        {
                            "name": "DataEvent",
                            "size": 2313
                        }
                    ]
                },
                {
                    "name": "legend",
                    "children": [
                        {
                            "name": "Legend",
                            "size": 20859
                        }
                    ]
                },
                {
                    "name": "operator",
                    "children": [
                        {
                            "name": "distortion",
                            "children": [
                                {
                                    "name": "BifocalDistortion",
                                    "size": 4461
                                },
                                {
                                    "name": "Distortion",
                                    "size": 6314
                                },
                                {
                                    "name": "FisheyeDistortion",
                                    "size": 3444
                                }
                            ]
                        },
                        {
                            "name": "IOperator",
                            "size": 1286
                        },
                        {
                            "name": "label",
                            "children": [
                                {
                                    "name": "Labeler",
                                    "size": 9956
                                },
                                {
                                    "name": "RadialLabeler",
                                    "size": 3899
                                },
                                {
                                    "name": "StackedAreaLabeler",
                                    "size": 3202
                                }
                            ]
                        },
                        {
                            "name": "layout",
                            "children": [
                                {
                                    "name": "NodeLinkTreeLayout",
                                    "size": 12870
                                },
                                {
                                    "name": "PieLayout",
                                    "size": 2728
                                }
                            ]
                        },
                        {
                            "name": "SortOperator",
                            "size": 2023
                        }
                    ]
                },
                {
                    "name": "Visualization",
                    "size": 16540
                }
            ]
        }
    ]
}
