[
    {"year" : "01-jan-05", "value": 771900},
    {"year" : "01-jan-06", "value": 774500},
    {"year" : "01-jan-07", "value": 770500},
    {"year" : "01-jan-08", "value": 770400},
    {"year" : "01-jan-09", "value": 776000},
    {"year" : "01-jan-10", "value": 772400},
    {"year" : "01-jan-11", "value": 774100},
    {"year" : "01-jan-12", "value": 776700},
    {"year" : "01-jan-13", "value": 774100},
    {"year" : "01-jan-14", "value": 779200},
    {"year" : "01-jan-15", "value": 777700},
    {"year" : "01-jan-16", "value": 775400},
    {"year" : "01-jan-17", "value": 773800},
    {"year" : "01-jan-18", "value": 772900},
    {"year" : "01-jan-19", "value": 773300},
    {"year" : "01-jan-20", "value": 779300},
    {"year" : "01-jan-21", "value": 774900},
    {"year" : "01-jan-22", "value": 770900},
    {"year" : "01-jan-23", "value": 772900},
    {"year" : "01-jan-24", "value": 779900}  
]